StartDate,EndDate,Status,IPAddress,Progress,Duration (in seconds),Finished,RecordedDate,ResponseId,RecipientLastName,RecipientFirstName,RecipientEmail,ExternalReference,LocationLatitude,LocationLongitude,DistributionChannel,UserLanguage,Q30,Q25,Q23,Q1.3,Q1.4,Q1.4_1_TEXT,Q2.1,Q2.2,Q2.3,Q2.4,Q2.4_8_TEXT,Q2.5,Q2.5_5_TEXT,Q2.6,Q2.7,Q2.8,Q26,id
Start Date,End Date,Response Type,IP Address,Progress,Duration (in seconds),Finished,Recorded Date,Response ID,Recipient Last Name,Recipient First Name,Recipient Email,External Data Reference,Location Latitude,Location Longitude,Distribution Channel,User Language,"You must participate in this experiment under the supervision of an experimenter. The SONA slot you signed up for is for a specific time. At that time, your experimenter will contact you with the password to continue the survey at the time you signed up for on SONA. If you cannot make that time, please cancel your SONA slot.",Through which institution are you participating in this experiment?,Please enter PIN:,I affirm that I am at least 18 years of age.,"By clicking ""I Accept,"" and entering my initials, I consent to this study. I may withdraw at any time. By clicking ""I Decline,"" I do not consent to this study and do not wish to participate. - Selected Choice","By clicking ""I Accept,"" and entering my initials, I consent to this study. I may withdraw at any time. By clicking ""I Decline,"" I do not consent to this study and do not wish to participate. - I Accept. - Text",Gender:,What is your age?,Ethnic category:,Racial Category: - Selected Choice,Racial Category: - Other: - Text,Highest level of education completed: - Selected Choice,Highest level of education completed: - Other: - Text,Which hand do you write with?,What is the first language you learned?,At what age did you start speaking English fluently?,"Great! That just about wraps up the demographics and consent process. BUT - you still have one important thing to do on this survey. So, don't close or submit just yet. 
Please navigate to this website: https://virtual-ambler-staging.herokuapp.com/study/753798758 

Once there, you should see a prominently displayed alphanumeric ID number. Please copy that ID and paste it below. Once you've done that, please submit this survey, then complete the rest of the study on the other website. 
Thanks!",id
"{""ImportId"":""startDate"",""timeZone"":""America/Denver""}","{""ImportId"":""endDate"",""timeZone"":""America/Denver""}","{""ImportId"":""status""}","{""ImportId"":""ipAddress""}","{""ImportId"":""progress""}","{""ImportId"":""duration""}","{""ImportId"":""finished""}","{""ImportId"":""recordedDate"",""timeZone"":""America/Denver""}","{""ImportId"":""_recordId""}","{""ImportId"":""recipientLastName""}","{""ImportId"":""recipientFirstName""}","{""ImportId"":""recipientEmail""}","{""ImportId"":""externalDataReference""}","{""ImportId"":""locationLatitude""}","{""ImportId"":""locationLongitude""}","{""ImportId"":""distributionChannel""}","{""ImportId"":""userLanguage""}","{""ImportId"":""QID30_TEXT""}","{""ImportId"":""QID25""}","{""ImportId"":""QID23_TEXT""}","{""ImportId"":""QID19""}","{""ImportId"":""QID20""}","{""ImportId"":""QID20_1_TEXT""}","{""ImportId"":""QID5""}","{""ImportId"":""QID16_TEXT""}","{""ImportId"":""QID6""}","{""ImportId"":""QID7""}","{""ImportId"":""QID7_8_TEXT""}","{""ImportId"":""QID8""}","{""ImportId"":""QID8_5_TEXT""}","{""ImportId"":""QID9""}","{""ImportId"":""QID10_TEXT""}","{""ImportId"":""QID13_TEXT""}","{""ImportId"":""QID26_TEXT""}","{""ImportId"":""id""}"
2020-05-22 11:17:17,2020-05-22 11:20:06,IP Address,98.110.89.166,100,169,True,2020-05-22 11:20:07,R_pcPRuhUT2zHLtpn,,,,,40.3343963623046875,-74.7949981689453125,anonymous,EN,,Temple University,test,I am at least 18 years of age.,I Accept.,EBJ,Female,,,,,,,,,,aeced37d-dbe9-438a-b762-eda4e2a833da,
2020-05-20 20:47:11,2020-05-20 20:47:34,IP Address,124.190.59.81,40,22,False,2020-05-27 20:48:09,R_1LVf2HlT7Unj5u1,,,,,,,anonymous,EN,,The University of Florida,,,,,,,,,,,,,,,,
2020-05-22 10:30:41,2020-05-22 10:30:53,IP Address,98.110.89.166,7,11,False,2020-05-29 10:30:58,R_1lbOs4gEhH6LCVS,,,,,,,anonymous,EN,,Temple University,,,,,,,,,,,,,,,,
2020-06-03 10:59:00,2020-06-03 11:54:40,IP Address,71.246.17.250,100,3340,True,2020-06-03 11:54:40,R_3knMVna01uILXgr,,,,,40.32049560546875,-75.35199737548828125,anonymous,EN,,Temple University,1,I am at least 18 years of age.,I Accept.,"Vijay Patel ",Male,21,Not Hispanic/Latino,Asian,,College,,Right,english,,ee0f71d3-1a67-48c8-be1a-b505695ffa31,
2020-06-03 12:58:42,2020-06-03 13:01:45,IP Address,69.136.73.227,100,183,True,2020-06-03 13:01:45,R_2bQotjVU8wsDPeg,,,,,40.12860107421875,-75.05840301513671875,anonymous,EN,,Temple University,2,I am at least 18 years of age.,I Accept.,JW,Female,28,Not Hispanic/Latino,Black/African American,,Other:,Associate's,Right,English,,af7ded8f-330c-43b0-9362-1092b04f5924,
2020-06-18 08:02:25,2020-06-18 08:03:55,IP Address,98.118.30.78,100,90,True,2020-06-18 08:03:56,R_2bIVHyE2NCAqwFM,,,,,42.0214996337890625,-71.21880340576171875,anonymous,EN,,Temple University,3,I am at least 18 years of age.,I Accept.,MS,Female,21,Not Hispanic/Latino,White,,High School,,Right,"English ",,0d053164-3d7c-480d-a3d3-4feade8f021e,
2020-06-24 08:07:31,2020-06-24 08:10:19,IP Address,68.80.47.34,100,167,True,2020-06-24 08:10:19,R_2QQJ61fymQkxPIj,,,,,39.9597015380859375,-75.19950103759765625,anonymous,EN,,Temple University,4,I am at least 18 years of age.,I Accept.,NSM,Male,25,Not Hispanic/Latino,More Than One Race,,High School,,Right,English,,fd0502ab-0f88-4e90-8604-cd3202f970a3,
2020-07-02 08:33:15,2020-07-02 08:35:44,IP Address,108.48.5.67,100,149,True,2020-07-02 08:35:45,R_3e8f9Nii1FpkjOq,,,,,38.7783050537109375,-77.1219024658203125,anonymous,EN,templeuf,Temple University,5,I am at least 18 years of age.,I Accept.,JG,Female,21,Not Hispanic/Latino,Black/African American,,College,,Left,"English ",,ad307664-2349-428f-93ac-d8c398c606df,
2020-07-09 12:05:52,2020-07-09 12:12:45,IP Address,71.214.9.130,100,412,True,2020-07-09 12:12:45,R_3MybwobuhLuQgHL,,,,,28.8928070068359375,-81.7852020263671875,anonymous,EN,templeuf,The University of Florida,,,,,Female,23,Hispanic/Latino,,,College,,Right,English,,"36f0e279-76e8-4b04-b8b6-b69df44db011 ",
2020-07-15 13:22:16,2020-07-15 14:28:26,IP Address,47.198.11.240,100,3969,True,2020-07-15 14:28:26,R_2VqmkB9Ng06Mxsw,,,,,28.0475006103515625,-82.61479949951171875,anonymous,EN,templeuf,The University of Florida,,,,,Female,18,Not Hispanic/Latino,White,,High School,,Right,"English ",,abbea591-a10a-4c9a-a2db-8ba5e68c9ff7,
2020-07-16 08:03:12,2020-07-16 08:06:19,IP Address,68.105.172.50,100,186,True,2020-07-16 08:06:19,R_3Ks8S5JZ35Z9MLD,,,,,29.613800048828125,-82.3860015869140625,anonymous,EN,templeuf,The University of Florida,,,,,Female,21,Hispanic/Latino,White,,College,,Right,English/Spanish,,https://virtual-ambler-staging.herokuapp.com/study/753798758,
2020-07-16 08:07:44,2020-07-16 08:09:08,IP Address,68.105.172.50,100,84,True,2020-07-16 08:09:09,R_eKe2O2C1OSNy7cJ,,,,,29.6475067138671875,-82.40399932861328125,anonymous,EN,templeuf,The University of Florida,,,,,Female,21,Hispanic/Latino,White,,College,,Right,english/spanish,,17653050-3727-4b71-8720-51b492af6321,
2020-07-16 10:15:19,2020-07-16 10:19:28,IP Address,73.23.213.91,100,249,True,2020-07-16 10:19:29,R_3MfiIGtx6H2nF8D,,,,,26.4696044921875,-81.813201904296875,anonymous,EN,templeuf,The University of Florida,,,,,Female,18,Not Hispanic/Latino,White,,College,,Right,English,,93b4bc24-8c25-4781-a882-0c8aa02d4630,
2020-07-10 06:17:34,2020-07-10 06:18:27,IP Address,162.195.114.93,94,52,False,2020-07-17 06:18:27,R_2Slu9RHLGdGjZFv,,,,,,,anonymous,EN,templeuf,The University of Florida,,,,,Male,18,Not Hispanic/Latino,White,,High School,,Right,Czech,5,,
2020-07-10 07:29:22,2020-07-10 07:30:30,IP Address,73.138.109.56,94,68,False,2020-07-17 07:30:30,R_2P1AYQhIXCQt9Re,,,,,,,anonymous,EN,templeuf,The University of Florida,,,,,Female,18,Not Hispanic/Latino,White,,High School,,Right,"english ",,,
2020-07-14 08:02:16,2020-07-14 08:04:55,IP Address,184.170.72.47,94,158,False,2020-07-21 08:05:13,R_1n18NimeOuOKrJH,,,,,,,anonymous,EN,templeuf,The University of Florida,,,,,Male,21,Hispanic/Latino,White,,College,,Right,English,,,
2020-07-21 08:02:39,2020-07-21 08:07:18,IP Address,130.44.57.63,100,278,True,2020-07-21 08:07:18,R_2rGR7VNpahnWFKx,,,,,26.266204833984375,-81.716400146484375,anonymous,EN,templeuf,The University of Florida,,,,,Female,19,Not Hispanic/Latino,White,,College,,Left,English,,972a4fb5-7887-49f1-9575-979b45d9a1d6,
2020-07-12 11:49:08,2020-07-14 09:40:58,IP Address,24.136.54.240,94,165109,False,2020-07-21 09:41:00,R_12ma4LwpwMEaZmu,,,,,,,anonymous,EN,templeuf,,,,,,,,,,,,,,,,,
2020-07-22 10:06:11,2020-07-22 10:08:35,IP Address,24.254.113.152,100,144,True,2020-07-22 10:08:36,R_2t5KlhmJicwb3sG,,,,,30.3737030029296875,-87.31259918212890625,anonymous,EN,templeuf,The University of Florida,,,,,Male,19,Hispanic/Latino,White,,High School,,Right,Spanish,5,291f642a-e7e2-42f9-a9c5-3c95c921e57a,
2020-07-23 07:59:55,2020-07-23 08:04:46,IP Address,98.230.116.62,100,291,True,2020-07-23 08:04:46,R_0OZXC7MAWIpWDJL,,,,,30.4907989501953125,-84.31580352783203125,anonymous,EN,templeuf,The University of Florida,,,,,Female,20,Not Hispanic/Latino,Black/African American,,High School,,Right,English,,"b243b2d5-7a68-489c-a10c-5b3fc2c7865d ",
2020-07-20 10:37:12,2020-07-23 10:16:53,IP Address,104.0.169.103,100,257980,True,2020-07-23 10:16:53,R_1gCthEmw6TnyMZZ,,,,,26.1522064208984375,-80.31529998779296875,anonymous,EN,templeuf,The University of Florida,,,,,Male,18,Hispanic/Latino,Unknown/Do Not Wish To Say,,College,,Left,English,,8b2d476b-d74a-42a5-aa6e-d4fa07b02a9b,43710
2020-07-23 10:55:58,2020-07-23 11:48:28,IP Address,98.110.89.166,100,3150,True,2020-07-23 11:48:29,R_3EhCEp65xsDySZa,,,,,40.3343963623046875,-74.7949981689453125,anonymous,EN,templeuf,Temple University,practice,I am at least 18 years of age.,I Accept.,ebj,,,,,,,,,,,40bf0f47-1487-42f1-ba59-bb0d4ca746a1,
2020-07-21 13:11:05,2020-07-21 13:13:49,IP Address,45.30.198.149,94,163,False,2020-07-28 13:14:58,R_3gOByX8kJqj4Ctl,,,,,,,anonymous,EN,templeuf,The University of Florida,,,,,Female,19,Not Hispanic/Latino,Asian,,High School,,Right,Telugu,4,,
2020-07-30 08:02:45,2020-07-30 08:05:58,IP Address,47.18.157.119,100,192,True,2020-07-30 08:05:58,R_2Yl95hPjMsPLKBr,,,,,40.8430938720703125,-73.2808990478515625,anonymous,EN,templeuf,The University of Florida,,,,,Male,19,Not Hispanic/Latino,White,,High School,,Right,english,,"d6a6db2b-aeb3-44b6-b04a-4710eaa8ba36 ",
2020-07-23 08:41:45,2020-07-23 08:43:18,IP Address,69.253.247.24,22,92,False,2020-07-30 08:43:29,R_3R2yxsAf9i0GWoS,,,,,,,anonymous,EN,templeuf,Temple University,,,,,,,,,,,,,,,,
2020-08-04 08:06:41,2020-08-04 08:16:57,IP Address,71.52.192.249,100,616,True,2020-08-04 08:16:58,R_2PtayppiM6F2K5d,,,,,29.199493408203125,-82.0858001708984375,anonymous,EN,templeuf,The University of Florida,,,,,Female,18,Not Hispanic/Latino,White,,High School,,Left,English,,87e406b4-6551-42e2-9588-bb657a5535af,
2020-08-04 08:22:54,2020-08-04 08:24:28,IP Address,71.52.192.249,100,94,True,2020-08-04 08:24:28,R_1IAXX3WbXVZrnrw,,,,,29.199493408203125,-82.0858001708984375,anonymous,EN,templeuf,The University of Florida,,,,,Female,18,Not Hispanic/Latino,White,,High School,,Left,English,,575696c7-9132-43cf-9bf1-3ef385a7445f,
2020-07-28 09:59:51,2020-07-28 10:02:14,IP Address,76.101.180.202,94,142,False,2020-08-04 10:02:42,R_2eQie2vmfAjIzz0,,,,,,,anonymous,EN,templeuf,The University of Florida,,,,,Female,19,Not Hispanic/Latino,White,,High School,,Right,Dutch,2-3,,
2020-08-04 10:08:08,2020-08-04 10:11:07,IP Address,174.192.135.192,100,178,True,2020-08-04 10:11:08,R_3n03ssiu09nEgS5,,,,,42.3647003173828125,-88.14990234375,anonymous,EN,templeuf,The University of Florida,,,,,Female,19,Not Hispanic/Latino,White,,College,,Right,english,,44ca8b1b-e286-4e9a-9495-0ace509a8d30,
2020-08-05 10:11:59,2020-08-05 10:16:51,IP Address,76.229.164.218,100,291,True,2020-08-05 10:16:51,R_D0jJIKJlnWCoK8F,,,,,25.597198486328125,-80.4048004150390625,anonymous,EN,templeuf,The University of Florida,,,,,Male,20,Hispanic/Latino,White,,College,,Right,Spanish,4,a4fe06ac-16ba-4514-a860-3a6de6054d1e,
2020-08-05 12:35:53,2020-08-05 13:51:39,IP Address,98.165.69.114,100,4545,True,2020-08-05 13:51:39,R_3QWb8gDFaRsq1JL,,,,,33.6194000244140625,-111.955596923828125,anonymous,EN,templeuf,The University of Florida,,,,,Female,18,Not Hispanic/Latino,White,,High School,,Right,English,,833aa246-fffc-4f3d-bce6-323afd86f5f5,
2020-08-06 07:59:00,2020-08-06 08:03:33,IP Address,99.119.200.90,100,272,True,2020-08-06 08:03:33,R_2pQOH92us2QVYt1,,,,,26.6239013671875,-80.0948028564453125,anonymous,EN,templeuf,The University of Florida,,,,,Female,19,Not Hispanic/Latino,Black/African American,,High School,,Right,English,,5b5beb6f-6901-4c62-be49-825512534ee4,
2020-08-06 10:00:02,2020-08-06 10:04:04,IP Address,49.216.205.241,100,242,True,2020-08-06 10:04:04,R_2YKZBfpizlzcKHk,,,,,25.0395050048828125,121.468902587890625,anonymous,EN,templeuf,The University of Florida,,,,,Female,20,Not Hispanic/Latino,Asian,,High School,,Right,Mandarine,10,2d1b13ee-66f3-429b-b0d1-2ce796310753,
2020-08-10 10:10:25,2020-08-10 11:24:42,IP Address,173.2.210.118,94,4457,False,2020-08-17 11:25:18,R_RmMl6gzOSLR58eB,,,,,,,anonymous,EN,templeuf,The University of Florida,,,,,Male,20,Not Hispanic/Latino,White,,High School,,Right,english,,,
2020-08-10 14:30:56,2020-08-10 14:38:25,IP Address,35.137.191.19,94,449,False,2020-08-17 14:38:37,R_1j982aOMEFQTUqv,,,,,,,anonymous,EN,templeuf,The University of Florida,,,,,Male,21,Not Hispanic/Latino,White,,High School,,Right,English,,,
2020-09-15 06:13:17,2020-09-15 06:16:08,IP Address,128.227.1.39,100,171,True,2020-09-15 06:16:09,R_1Ed5j3OBQ8ZukP0,,,,,29.613800048828125,-82.3860015869140625,anonymous,EN,templeuf,The University of Florida,,,,,Female,18,Not Hispanic/Latino,White,,High School,,Right,English,,d46d4806-a974-4bb4-a388-9274750b4d07,
2020-09-15 11:25:59,2020-09-15 11:26:58,Survey Preview,,100,59,True,2020-09-15 11:26:59,R_bvnVIDHs4pguKZ3,,,,,29.6475067138671875,-82.40399932861328125,preview,EN,sdfsdfsdfsdf,The University of Florida,,,,,Male,,,,,,,,,,,
2020-09-16 07:07:11,2020-09-16 07:09:52,IP Address,128.227.1.41,100,161,True,2020-09-16 07:09:52,R_2TpblkMQEF6n0tW,,,,,29.613800048828125,-82.3860015869140625,anonymous,EN,templeuf,The University of Florida,,,,,Female,18,Hispanic/Latino,White,,High School,,Left,spanish,3,ae8441a4-e82c-49c3-9140-685b1818a758,
2020-09-16 11:06:22,2020-09-16 11:09:47,IP Address,128.227.1.40,100,205,True,2020-09-16 11:09:47,R_2atQO02gUHeDDwj,,,,,29.613800048828125,-82.3860015869140625,anonymous,EN,templeuf,The University of Florida,,,,,Female,18,Not Hispanic/Latino,White,,High School,,Right,English,,a1168d22-aa41-463a-98a3-ded2b8d10e2a,
2020-09-17 08:02:53,2020-09-17 08:06:31,IP Address,128.227.1.38,100,218,True,2020-09-17 08:06:32,R_2aDHmQaE7wGEToJ,,,,,29.613800048828125,-82.3860015869140625,anonymous,EN,templeuf,The University of Florida,,,,,Female,18,Not Hispanic/Latino,Black/African American,,High School,,Left,English,,e5a06387-25d0-4aa7-b8a1-cf4234791f33,
2020-09-17 10:00:44,2020-09-17 10:02:44,IP Address,70.171.33.155,100,119,True,2020-09-17 10:02:44,R_3hlj29Jph5rV14m,,,,,29.646697998046875,-82.328399658203125,anonymous,EN,templeuf,The University of Florida,,,,,Female,20,Not Hispanic/Latino,White,,High School,,Left,English,,0b4711b3-9099-43bf-b2ce-1f544330b56d,
2020-09-17 12:02:56,2020-09-17 12:06:17,IP Address,99.146.232.235,100,201,True,2020-09-17 12:06:18,R_3lFy0BHt1WfISfR,,,,,28.3939056396484375,-81.421600341796875,anonymous,EN,templeuf,The University of Florida,,,,,Female,19,Not Hispanic/Latino,Asian,,High School,,Right,Hindi,4,d1c7c3b3-2c87-462b-b504-cda5db9c0ce0,
2020-09-18 07:21:32,2020-09-18 07:24:01,IP Address,98.180.248.121,100,148,True,2020-09-18 07:24:01,R_1F5uRbvHagkVoXW,,,,,29.613800048828125,-82.3860015869140625,anonymous,EN,templeuf,The University of Florida,,,,,Female,19,Not Hispanic/Latino,White,,High School,,Right,english,,3fa0ed80-aff6-4841-8d0d-ae000bae4eb7,
2020-09-18 09:10:07,2020-09-18 09:17:54,IP Address,71.162.254.248,100,466,True,2020-09-18 09:17:54,R_YYMoah1KVQxwUIp,,,,,39.9232940673828125,-75.23130035400390625,anonymous,EN,Templeuf,Temple University,38,I am at least 18 years of age.,I Accept.,SW,Female,19,Not Hispanic/Latino,Black/African American,,High School,,Right,English,,713e9dca-e17d-44ef-b5a2-a3f41d92be9f,
2020-09-18 10:15:51,2020-09-18 10:18:20,Survey Preview,,100,148,True,2020-09-18 10:18:21,R_1GTwzTK7Xy65sa6,,,,,29.6515045166015625,-82.34929656982421875,preview,EN,templeuf,The University of Florida,,,,,Female,21,Not Hispanic/Latino,White,,High School,,Left,English,,fdc34ac3-fe86-409b-87a2-c5f627fc0188,
2020-09-18 12:03:53,2020-09-18 12:06:12,IP Address,128.227.1.38,100,138,True,2020-09-18 12:06:12,R_2TmZi8gyCZbRmnn,,,,,29.646697998046875,-82.328399658203125,anonymous,EN,templeuf,The University of Florida,,,,,Male,18,Not Hispanic/Latino,White,,High School,,Right,English,,6db1e537-66a3-437f-8ae8-752286cc5806,
2020-09-15 12:24:40,2020-09-15 12:28:13,IP Address,69.253.247.24,94,213,False,2020-09-22 12:28:15,R_3eh8w7jsBJpwFIy,,,,,,,anonymous,EN,templeuf,Temple University,test,I am at least 18 years of age.,I Accept.,SK,Female,21,Hispanic/Latino,American Indian/Alaskan Native,,College,,Left,English,,,
2020-09-10 12:49:27,2020-09-17 08:02:16,IP Address,24.136.54.240,94,587569,False,2020-09-24 08:02:18,R_3KSAu8l3ksKnlWT,,,,,,,anonymous,EN,templeuf,The University of Florida,,,,,Female,21,Hispanic/Latino,White,,High School,,Right,english,,,
2020-09-24 08:06:05,2020-09-24 08:09:00,IP Address,68.227.78.218,100,174,True,2020-09-24 08:09:00,R_2CcSgV1lnZ5XkTm,,,,,29.646697998046875,-82.328399658203125,anonymous,EN,templeuf,The University of Florida,,,,,Female,18,Hispanic/Latino,White,,High School,,Right,English,,30d13979-dada-410d-86c9-fb704e7a04a8,
2020-09-24 10:09:29,2020-09-24 10:14:09,IP Address,73.112.73.72,100,279,True,2020-09-24 10:14:09,R_3CUGni2NqHW5k0l,,,,,40.7238006591796875,-74.22930145263671875,anonymous,EN,templeuf,Temple University,45,I am at least 18 years of age.,I Accept.,ns,Female,18,Not Hispanic/Latino,Black/African American,,High School,,Right,English,,"cdf4f735-3aa0-47c9-9c98-b474b4ada4bd  ",
2020-09-24 10:18:58,2020-09-24 10:21:32,IP Address,128.227.1.41,100,154,True,2020-09-24 10:21:33,R_XgGYcfAB5jBgzYJ,,,,,29.646697998046875,-82.328399658203125,anonymous,EN,templeuf,The University of Florida,,,,,Female,18,Hispanic/Latino,Black/African American,,High School,,Right,English,,6437645d-9a32-48ee-8ef2-4437967ceeb5,
2020-09-24 12:03:45,2020-09-24 12:06:44,IP Address,128.227.1.40,100,178,True,2020-09-24 12:06:44,R_3D6KkYvjD9G8Dn1,,,,,29.646697998046875,-82.328399658203125,anonymous,EN,templeuf,The University of Florida,,,,,Female,18,Not Hispanic/Latino,White,,College,,Right,English,,"0866cc9c-f28c-41f9-8360-9bcc40c41259 ",
2020-09-24 13:06:54,2020-09-24 13:10:06,IP Address,50.232.137.26,100,192,True,2020-09-24 13:10:07,R_3shb8E68jMtaY6A,,,,,39.973907470703125,-75.145599365234375,anonymous,EN,templeuf,Temple University,47,I am at least 18 years of age.,I Accept.,CS,Female,33,Hispanic/Latino,White,,High School,,Right,English,,0d244487-427c-4864-811d-d2101947484d,
2020-09-25 08:00:43,2020-09-25 08:03:14,IP Address,128.227.1.39,100,150,True,2020-09-25 08:03:14,R_2tLICf3F4m4CQvh,,,,,29.646697998046875,-82.328399658203125,anonymous,EN,templeuf,The University of Florida,,,,,Female,18,Not Hispanic/Latino,White,,High School,,Right,English,,8ab2b1ed-7548-49a7-b720-4b8fabe09bc6  Pilot subject,
2020-09-25 09:04:17,2020-09-25 09:06:30,IP Address,68.80.61.196,100,133,True,2020-09-25 09:06:30,R_2c6lRpW754fPdZt,,,,,39.966796875,-75.1511993408203125,anonymous,EN,templeuf,,,,,,Female,20,Not Hispanic/Latino,Asian,,High School,,Right,Chinese,14,e8e6dd98-81aa-4cb3-bf07-79b711ed2e03,
2020-09-25 09:04:46,2020-09-25 09:08:21,IP Address,73.81.11.96,100,215,True,2020-09-25 09:08:22,R_TkgVDOT8rtVbfR7,,,,,40.100494384765625,-75.37090301513671875,anonymous,EN,templeuf,Temple University,0,I am at least 18 years of age.,I Accept.,M.N.M.,Female,18,Not Hispanic/Latino,Asian,,High School,,Right,English,,85de446c-8a08-47d8-919c-4ec9881c9b44,
2020-09-25 11:02:43,2020-09-25 11:06:04,IP Address,128.227.5.236,100,200,True,2020-09-25 11:06:04,R_QmJhSaEkdotfpPr,,,,,29.6515045166015625,-82.34929656982421875,anonymous,EN,templeuf,The University of Florida,,,,,Female,18,Not Hispanic/Latino,Black/African American,,High School,,Right,English,,6396c8da-c288-485a-8062-09a6d471931d,
2020-09-25 11:05:11,2020-09-25 11:11:20,IP Address,173.49.62.143,100,368,True,2020-09-25 11:11:20,R_3iXxwRPCxplSmQw,,,,,39.9810028076171875,-75.16989898681640625,anonymous,EN,templeuf,Temple University,0048,I am at least 18 years of age.,I Accept.,jd,Female,21,Not Hispanic/Latino,More Than One Race,,High School,,Right,english,,4827511f-a2b3-4e9b-b92b-a363756d509c,
2020-09-25 13:29:38,2020-09-25 13:35:44,IP Address,76.98.31.131,100,366,True,2020-09-25 13:35:45,R_3fjiRfWe1Vm1Es0,,,,,39.966400146484375,-75.1685028076171875,anonymous,EN,templeuf,Temple University,test,I am at least 18 years of age.,I Accept.,SH,Female,22,Not Hispanic/Latino,White,,High School,,Right,English,,"0078d5f8-963d-433b-9613-381e56c7c641 ",
2020-09-28 15:11:05,2020-09-28 15:16:33,IP Address,129.32.225.6,100,328,True,2020-09-28 15:16:34,R_1MRGFP6cmSgAvx8,,,,,39.973907470703125,-75.145599365234375,anonymous,EN,templeuf,Temple University,0054,I am at least 18 years of age.,I Accept.,AL,Female,18,Not Hispanic/Latino,White,,High School,,Right,English,,"8c2cc2df-2217-4b49-bc83-0bcf7aede3b8  ",
2020-09-29 13:08:26,2020-09-29 13:16:09,IP Address,208.54.40.189,100,462,True,2020-09-29 13:16:10,R_3q9AeenP8N32ZuN,,,,,42.3672943115234375,-83.13289642333984375,anonymous,EN,templeuf,Temple University,0057,I am at least 18 years of age.,I Accept.,MA,Male,18,Not Hispanic/Latino,Black/African American,,High School,,Left,English,,"d1009dcc-6823-4bd6-8605-e20a896057c9  ",
2020-09-30 08:05:25,2020-09-30 08:10:57,IP Address,24.246.236.111,100,331,True,2020-09-30 08:10:58,R_1OCApfK7iES6ivN,,,,,40.7079010009765625,-75.15070343017578125,anonymous,EN,templeuf,Temple University,58,I am at least 18 years of age.,I Accept.,JR,Female,18,Not Hispanic/Latino,White,,High School,,Left,English,,"7c0837cf-a498-4a3d-8a7d-ad28b19b94a7  ",
2020-09-30 08:13:05,2020-09-30 08:14:53,IP Address,24.246.236.111,100,107,True,2020-09-30 08:14:53,R_1giKy2prATUCR4c,,,,,40.7079010009765625,-75.15070343017578125,anonymous,EN,templeuf,Temple University,58,I am at least 18 years of age.,I Accept.,JR,Female,18,Not Hispanic/Latino,White,,High School,,Left,English,,"57e04bdc-ff99-459e-a476-9dc2e4e8ced5  ",
2020-09-30 09:59:18,2020-09-30 10:04:42,IP Address,73.13.243.7,100,323,True,2020-09-30 10:04:43,R_2OOKbXtZmWHGWRz,,,,,40.3800048828125,-75.27179718017578125,anonymous,EN,templeuf,Temple University,59,I am at least 18 years of age.,I Accept.,DD,Female,26,Not Hispanic/Latino,White,,College,,Right,English,,a0505a36-a5f8-48cd-ac1f-450e25236e09,
2020-09-30 11:10:52,2020-09-30 11:13:18,IP Address,98.180.253.102,100,145,True,2020-09-30 11:13:18,R_1Nfwq1HqL5fwkLD,,,,,29.613800048828125,-82.3860015869140625,anonymous,EN,templeuf,The University of Florida,,,,,Male,18,Hispanic/Latino,White,,High School,,Right,English,,6367b514-db46-4e80-a142-9deb4311bf76,
2020-09-30 13:03:39,2020-09-30 13:07:01,IP Address,50.235.150.99,100,202,True,2020-09-30 13:07:01,R_116FjVvWc56l6eQ,,,,,39.9810028076171875,-75.16989898681640625,anonymous,EN,templeuf,Temple University,0060,I am at least 18 years of age.,I Accept.,AD,Male,20,Not Hispanic/Latino,White,,High School,,Right,English,,"bbedc7c2-3caa-428e-b7ef-fa56023fba70 ",
2020-09-30 13:06:15,2020-09-30 13:08:58,IP Address,71.224.255.246,100,163,True,2020-09-30 13:08:59,R_3J4R9lqyUa25Zy1,,,,,39.9340057373046875,-75.160003662109375,anonymous,EN,templeuf,Temple University,62,I am at least 18 years of age.,I Accept.,pd,Male,19,Not Hispanic/Latino,White,,High School,,Left,english,,712e2f2f-53dc-4b4b-b123-19560997ff3c,
2020-10-01 07:02:46,2020-10-01 07:06:31,IP Address,98.219.89.130,100,225,True,2020-10-01 07:06:31,R_2fDvTBjc4BpUtia,,,,,25.869598388671875,-80.3072967529296875,anonymous,EN,templeuf,The University of Florida,,,,,Female,18,Hispanic/Latino,More Than One Race,,High School,,Right,Spanish,12,"1de21aa7-3d5d-47f2-9fc7-d42816b9e966  ",
2020-10-01 09:02:59,2020-10-01 09:06:01,IP Address,76.124.154.165,100,182,True,2020-10-01 09:06:02,R_2S1zVVOTrkpcuBv,,,,,40.14349365234375,-75.377899169921875,anonymous,EN,templeuf,Temple University,62,I am at least 18 years of age.,I Accept.,F.L,Female,20,Not Hispanic/Latino,White,,High School,,Right,English,,5466222e-a308-4132-9106-400e27dd63fc,
2020-10-01 10:04:05,2020-10-01 10:08:04,IP Address,68.105.170.251,100,239,True,2020-10-01 10:08:05,R_2zOVJK9c070VNst,,,,,29.6475067138671875,-82.40399932861328125,anonymous,EN,templeuf,The University of Florida,,,,,Female,18,Not Hispanic/Latino,Asian,,High School,,Right,English,,fce82786-face-4d67-b5cf-a523e8a4a7b3,
2020-10-01 11:03:31,2020-10-01 11:09:45,IP Address,66.231.158.240,100,374,True,2020-10-01 11:09:46,R_1Qsw5nXxMW4NyTn,,,,,29.646697998046875,-82.328399658203125,anonymous,EN,templeuf,The University of Florida,,,,,Female,18,Not Hispanic/Latino,White,,High School,,Right,English,,2514a7b5-b029-42a2-8012-d742803f543c,
2020-10-01 12:03:50,2020-10-01 12:06:56,IP Address,71.175.72.184,100,185,True,2020-10-01 12:06:56,R_24ADEhckFjZrbCb,,,,,40.2449951171875,-75.1331024169921875,anonymous,EN,templeuf,Temple University,65,I am at least 18 years of age.,I Accept.,MZ,Female,18,Not Hispanic/Latino,White,,High School,,Right,Lithuanian,6,e79a8471-63d2-4295-8e8e-4d224f5f26e7,
2020-10-01 13:02:41,2020-10-01 13:06:42,IP Address,45.17.15.81,100,240,True,2020-10-01 13:06:42,R_11dpA4ylE6kI9Ky,,,,,29.613800048828125,-82.3860015869140625,anonymous,EN,templeuf,The University of Florida,,,,,Female,18,Hispanic/Latino,White,,High School,,Right,Spanish,6,e27a456d-d599-49ac-8947-5ef73d6cf5b7,
2020-10-01 13:18:24,2020-10-01 13:21:15,IP Address,96.227.206.82,100,170,True,2020-10-01 13:21:15,R_2TplbqdluNhGUQj,,,,,39.9597015380859375,-75.19950103759765625,anonymous,EN,templeuf,Temple University,0065,I am at least 18 years of age.,I Accept.,YB,Female,25,Not Hispanic/Latino,Black/African American,,High School,,Right,english,,a5d65712-0aa6-43b4-86dc-1dbbe6261e92  Pilot subject,
2020-10-02 08:03:36,2020-10-02 08:07:06,IP Address,70.187.92.60,100,210,True,2020-10-02 08:07:06,R_2RazlT7eSLB3iTA,,,,,29.7747955322265625,-82.3845977783203125,anonymous,EN,templeuf,The University of Florida,,,,,Female,19,Not Hispanic/Latino,Black/African American,,High School,,Right,English,,3e6766a3-4c63-43ff-aa13-e40184959bf2,
2020-10-02 10:03:31,2020-10-02 10:08:37,IP Address,108.5.150.201,100,306,True,2020-10-02 10:08:37,R_1fa48z9Q0zJyLji,,,,,39.976898193359375,-74.16010284423828125,anonymous,EN,templeuf,Temple University,74,I am at least 18 years of age.,I Accept.,NR,Male,18,Not Hispanic/Latino,Asian,,High School,,Right,English,,f19a4a56-3522-42dd-bb28-16d8d7763cc3,
2020-10-02 10:35:36,2020-10-02 10:38:05,IP Address,98.117.251.59,100,149,True,2020-10-02 10:38:06,R_2WA23ZvUQrGDBX3,,,,,40.274993896484375,-76.80390167236328125,anonymous,EN,templeuf,Temple University,0,I am at least 18 years of age.,I Accept.,VP,Male,20,Not Hispanic/Latino,Asian,,High School,,Left,English,,d2af8f06-6bfe-46f9-ab49-456fb4c801fa,
2020-10-05 13:05:29,2020-10-05 13:08:02,IP Address,146.115.253.116,100,152,True,2020-10-05 13:08:03,R_1fcOxW9n4hkaUG8,,,,,39.93609619140625,-75.2624969482421875,anonymous,EN,templeuf,,,,,,Female,18,Not Hispanic/Latino,Unknown/Do Not Wish To Say,,High School,,Right,English,,d2bcc8aa-38cf-4417-8fa3-7e7e3cb7c28a,
2020-10-06 11:02:50,2020-10-06 11:06:20,IP Address,206.125.61.2,100,210,True,2020-10-06 11:06:21,R_ZJDN1knxxdRzzY5,,,,,39.973907470703125,-75.145599365234375,anonymous,EN,templeuf,Temple University,75,I am at least 18 years of age.,I Accept.,INM,Female,18,Not Hispanic/Latino,White,,High School,,Right,English,,52bcd577-0855-4db6-bbb1-9849641eb9ae,
2020-10-07 07:57:45,2020-10-07 08:02:14,IP Address,68.105.172.157,100,269,True,2020-10-07 08:02:14,R_xnI3wNzvu0fKlvr,,,,,29.6475067138671875,-82.40399932861328125,anonymous,EN,templeuf,The University of Florida,,,,,Female,18,Not Hispanic/Latino,Asian,,High School,,Right,Vietnamese,7,386349c1-0d89-41c6-b0f0-a148bb4b251b,
2020-10-07 11:58:30,2020-10-07 12:17:00,IP Address,128.227.3.52,100,1109,True,2020-10-07 12:17:01,R_3dEBHIbkysk4cSS,,,,,29.6840057373046875,-82.356903076171875,anonymous,EN,templeuf,The University of Florida,,,,,Female,19,Hispanic/Latino,White,,High School,,Right,English,,b8c531a6-b592-4277-87b2-860f81ccc86c,
2020-10-08 08:01:42,2020-10-08 08:03:35,IP Address,209.251.131.162,100,113,True,2020-10-08 08:03:36,R_usL1QCJjbQmbUZ3,,,,,29.646697998046875,-82.328399658203125,anonymous,EN,templeuf,The University of Florida,,,,,Male,20,Not Hispanic/Latino,White,,High School,,Right,english,,0ac71f1f-1a28-4c3f-9dcb-9cae84b17b8a,
2020-10-08 09:56:10,2020-10-08 09:58:49,IP Address,192.245.0.2,100,159,True,2020-10-08 09:58:50,R_2rBL83mS64wPENf,,,,,29.646697998046875,-82.328399658203125,anonymous,EN,templeuf,The University of Florida,,,,,Female,18,Not Hispanic/Latino,White,,High School,,Right,English,,7ba65c70-dbc0-4bd0-a7e4-a6d689d14c89,
2020-10-08 10:50:09,2020-10-08 10:52:34,IP Address,128.227.1.41,100,145,True,2020-10-08 10:52:34,R_3RfLuICrhnUjFbx,,,,,29.646697998046875,-82.328399658203125,anonymous,EN,templeuf,The University of Florida,,,,,Female,18,Not Hispanic/Latino,White,,High School,,Right,english,,afaa7e32-6813-42ff-8bd4-68d17075530f,
2020-10-08 12:00:24,2020-10-08 12:02:04,IP Address,71.114.76.37,100,99,True,2020-10-08 12:02:04,R_114sCBaWTW96BLn,,,,,39.082794189453125,-77.16739654541015625,anonymous,EN,templeuf,The University of Florida,,,,,Female,18,Hispanic/Latino,More Than One Race,,High School,,Right,Spanish,2,"a2b3a579-b55e-41df-b1e1-21469a6a2498 ",
2020-10-01 12:49:53,2020-10-01 12:51:23,IP Address,24.136.54.240,94,89,False,2020-10-08 12:51:24,R_1OoGypiWy8oKngk,,,,,,,anonymous,EN,templeuf,The University of Florida,,,,,Female,21,Hispanic/Latino,White,,High School,,Right,English,,,
2020-10-08 13:58:06,2020-10-08 14:00:42,IP Address,128.227.1.39,100,156,True,2020-10-08 14:00:43,R_2AFOnAf6KKBl8Tr,,,,,29.646697998046875,-82.328399658203125,anonymous,EN,templeuf,The University of Florida,,,,,Male,18,Hispanic/Latino,White,,College,,Left,English,,13673c5a-aaad-4e8c-9dd5-42d34feb16ff,
2020-10-09 12:05:52,2020-10-09 12:08:28,IP Address,68.105.169.212,100,155,True,2020-10-09 12:08:28,R_3Epb4wStx0s6Mp8,,,,,29.613800048828125,-82.3860015869140625,anonymous,EN,templeuf,The University of Florida,,,,,Male,20,Not Hispanic/Latino,Asian,,High School,,Right,Hindi,4,782dd814-e549-4bbd-abdd-89b957a37fd4,
2020-10-12 08:03:50,2020-10-12 08:08:15,IP Address,24.250.168.33,100,264,True,2020-10-12 08:08:15,R_2RWysW4BPCUAPxW,,,,,29.613800048828125,-82.3860015869140625,anonymous,EN,templeuf,The University of Florida,,,,,Male,18,Not Hispanic/Latino,More Than One Race,,High School,,Right,English,,3537167e-74b4-4495-bb0d-83474698babf,
2020-10-05 08:00:53,2020-10-05 08:54:32,IP Address,128.227.1.40,94,3218,False,2020-10-12 08:54:45,R_0kNRXquRcfT6zBf,,,,,,,anonymous,EN,templeuf,The University of Florida,,,,,Female,19,Not Hispanic/Latino,White,,High School,,Right,English,,,
2020-10-12 10:01:49,2020-10-12 10:07:11,IP Address,128.227.1.41,100,321,True,2020-10-12 10:07:11,R_3OkL8C2ph8QPw8c,,,,,29.646697998046875,-82.328399658203125,anonymous,EN,templeuf,The University of Florida,,,,,Male,18,Not Hispanic/Latino,Asian,,High School,,Right,English,,95c2cd96-ff2b-46d2-9f8b-089acf5483cd,
2020-10-12 11:56:59,2020-10-12 11:59:57,IP Address,76.209.91.247,100,178,True,2020-10-12 11:59:57,R_1hYgiyY2ngOV0by,,,,,30.1425933837890625,-81.57270050048828125,anonymous,EN,templeuf,The University of Florida,,,,,Male,26,Not Hispanic/Latino,White,,College,,Right,English,,3ff3778d-48c5-4da8-9a2a-90e8db125d22,
2020-10-13 07:59:14,2020-10-13 08:04:02,IP Address,71.220.7.63,100,288,True,2020-10-13 08:04:02,R_2zu9nc5oT2TDHU9,,,,,30.2108001708984375,-84.32050323486328125,anonymous,EN,templeuf,The University of Florida,,,,,Female,18,Not Hispanic/Latino,White,,High School,,Right,English,,6a7aed67-dc50-492a-b244-89543b97d52b,
2020-10-13 13:01:15,2020-10-13 13:04:02,IP Address,128.227.2.154,100,167,True,2020-10-13 13:04:02,R_1E6g2B6qErSQUc7,,,,,29.6840057373046875,-82.356903076171875,anonymous,EN,templeuf,The University of Florida,,,,,Male,18,Not Hispanic/Latino,Asian,,High School,,Right,English,,f567cc0d-e387-4cc8-ab50-ca21c444c747,
2020-10-14 07:58:52,2020-10-14 08:02:16,IP Address,70.130.119.214,100,204,True,2020-10-14 08:02:16,R_1IhnUG10mv3irY3,,,,,30.0821990966796875,-81.54979705810546875,anonymous,EN,templeuf,The University of Florida,,,,,Female,30,Not Hispanic/Latino,Asian,,College,,Right,Hindi,7,9fa9f858-9b15-4d66-9dc3-a70ba7f8a053,
2020-10-14 08:04:40,2020-10-14 08:10:08,IP Address,129.32.225.6,100,328,True,2020-10-14 08:10:09,R_1jrgwE6zxejgsXw,,,,,39.973907470703125,-75.145599365234375,anonymous,EN,TempleUF,Temple University,86,I am at least 18 years of age.,I Accept.,OD,Female,18,Hispanic/Latino,White,,High School,,Right,English,,c31e2c8f-c2a0-4c97-9b60-34c3dc50a005,
2020-10-14 10:07:36,2020-10-14 10:10:43,IP Address,71.220.57.35,100,187,True,2020-10-14 10:10:43,R_2U9NHlJhtKAo0RQ,,,,,30.5402069091796875,-84.14459991455078125,anonymous,EN,templeuf,The University of Florida,,,,,Male,18,Hispanic/Latino,White,,High School,,Right,English,,df273804-3584-46cc-a97c-ecf19582522f,
2020-10-15 08:02:16,2020-10-15 08:05:01,IP Address,67.230.183.199,100,164,True,2020-10-15 08:05:01,R_vB8co1goscyFhbH,,,,,34.0583953857421875,-118.2779998779296875,anonymous,EN,templeuf,The University of Florida,,,,,Male,22,Not Hispanic/Latino,Asian,,High School,,Right,chinese,8,27225966-89dd-4e4f-ba69-6a4b22151d47,
2020-10-15 08:07:15,2020-10-15 08:10:06,IP Address,128.227.1.39,100,170,True,2020-10-15 08:10:06,R_3QWtKcHWKJ3aVem,,,,,29.646697998046875,-82.328399658203125,anonymous,EN,templeuf,The University of Florida,,,,,Female,18,Not Hispanic/Latino,White,,High School,,Right,English,,e1e09cc2-8bbf-402b-a73e-5daea63d971e,
2020-10-15 09:56:49,2020-10-15 09:59:40,IP Address,128.227.1.38,100,171,True,2020-10-15 09:59:40,R_ePRkCwTieqgpR0B,,,,,29.646697998046875,-82.328399658203125,anonymous,EN,templeuf,The University of Florida,,,,,Male,18,Not Hispanic/Latino,Asian,,High School,,Left,English,,2521b36f-b7d7-4f5b-b4a9-1b2b7bf02170,
2020-10-15 10:09:42,2020-10-15 10:11:41,IP Address,98.237.121.112,100,118,True,2020-10-15 10:11:41,R_sHHKrj6oxhwDucF,,,,,39.9552001953125,-76.6652984619140625,anonymous,EN,templeuf,Temple University,0,I am at least 18 years of age.,I Accept.,CHW,Male,19,Not Hispanic/Latino,White,,High School,,Right,English,,c18592c2-5919-4c9a-87b6-a0ece6838db5,
2020-10-15 11:07:01,2020-10-15 11:10:06,IP Address,107.77.225.100,100,185,True,2020-10-15 11:10:07,R_3GcQrROiyPVDnqU,,,,,40.7960968017578125,-73.95130157470703125,anonymous,EN,templeuf,The University of Florida,,,,,Female,19,Not Hispanic/Latino,White,,High School,,Right,Russian,4,662a874f-162b-4d57-871d-252bb5cd03ce,
2020-10-15 13:32:24,2020-10-15 13:35:59,IP Address,208.58.254.104,100,215,True,2020-10-15 13:36:00,R_TbZo3dVyrvlTTpf,,,,,40.6985931396484375,-75.4833984375,anonymous,EN,templeuf,Temple University,0098,I am at least 18 years of age.,I Accept.,MJW,Female,18,Not Hispanic/Latino,White,,High School,,Right,English,,874e183f-5158-4412-a885-6654a28783aa,
2020-10-16 07:41:58,2020-10-16 07:44:08,IP Address,128.227.1.38,100,130,True,2020-10-16 07:44:08,R_2qvFzr7EGbuU2cw,,,,,29.646697998046875,-82.328399658203125,anonymous,EN,templeuf,The University of Florida,,,,,Male,18,Not Hispanic/Latino,Asian,,High School,,Right,English,,911cd88f-2341-41b7-8a5b-5c18346455fe,
2020-10-16 08:04:05,2020-10-16 08:05:52,IP Address,128.227.1.41,100,106,True,2020-10-16 08:05:53,R_1gehYD6Iooe2ZSB,,,,,29.646697998046875,-82.328399658203125,anonymous,EN,templeuf,The University of Florida,,,,,Female,18,Hispanic/Latino,Unknown/Do Not Wish To Say,,High School,,Right,English,,7d377104-7cb6-4703-badc-6829fbe5e94c,
2020-10-16 08:07:16,2020-10-16 08:08:56,IP Address,128.227.1.41,100,99,True,2020-10-16 08:08:56,R_25Yqf1pSJsY5JgW,,,,,29.646697998046875,-82.328399658203125,anonymous,EN,templeuf,The University of Florida,,,,,Female,18,Hispanic/Latino,Unknown/Do Not Wish To Say,,High School,,Right,English,," 7bc64d0c-08fa-410c-beaa-e6e3ad9831fc ",
2020-10-16 10:03:12,2020-10-16 10:08:49,IP Address,96.245.202.128,100,336,True,2020-10-16 10:08:49,R_22RGolpABqTD1G9,,,,,40.14349365234375,-75.377899169921875,anonymous,EN,templeuf,Temple University,101,I am at least 18 years of age.,I Accept.,NV,Male,18,Not Hispanic/Latino,Asian,,High School,,Right,Telugu,5,637ab224-9edf-48e8-a297-e8af174201d0,
2020-10-20 07:59:44,2020-10-20 08:02:45,IP Address,128.227.1.39,100,180,True,2020-10-20 08:02:45,R_yI3S6qdsi35WgU1,,,,,29.646697998046875,-82.328399658203125,anonymous,EN,templeuf,The University of Florida,,,,,Female,18,Not Hispanic/Latino,White,,High School,,Right,English,,"d89053b1-22b0-4ae4-8768-4f233e773b1a  ",
2020-10-20 12:59:03,2020-10-20 13:02:00,IP Address,128.227.11.4,100,177,True,2020-10-20 13:02:00,R_6wYPJan58PVFNOF,,,,,29.6840057373046875,-82.356903076171875,anonymous,EN,templeuf,The University of Florida,,,,,Female,18,Not Hispanic/Latino,White,,High School,,Left,English,,d0648ecc-f187-4547-9e20-b7b868de84ef,
2020-10-21 07:59:23,2020-10-21 08:02:17,IP Address,153.33.121.30,100,173,True,2020-10-21 08:02:17,R_3L7LjH6XK25dZ3H,,,,,29.646697998046875,-82.328399658203125,anonymous,EN,templeuf,The University of Florida,,,,,Female,20,Hispanic/Latino,White,,High School,,Right,Spanish,14,c83f657b-3801-41a3-b556-e2e4bc1af604,
2020-10-21 08:04:22,2020-10-21 08:06:42,IP Address,98.20.182.55,100,140,True,2020-10-21 08:06:42,R_8uXO0nZIsLLsaJP,,,,,29.837799072265625,-82.6128997802734375,anonymous,EN,templeuf,The University of Florida,,,,,Female,18,Not Hispanic/Latino,White,,High School,,Left,English,,fe20bb37-07f7-4c4c-a13e-c4125a6b5795,
2020-10-21 09:59:08,2020-10-21 10:02:01,IP Address,73.105.28.209,100,172,True,2020-10-21 10:02:01,R_2WOo0VCVDAGwoEG,,,,,30.1172027587890625,-81.41190338134765625,anonymous,EN,templeuf,The University of Florida,,,,,Female,18,Not Hispanic/Latino,White,,High School,,Right,English,,84949345-3d43-4edf-b863-27cc8e2f4173,
2020-10-21 11:55:23,2020-10-21 11:59:10,IP Address,128.227.1.41,100,227,True,2020-10-21 11:59:11,R_2TRgYWfXlA6qn8Q,,,,,29.646697998046875,-82.328399658203125,anonymous,EN,templeuf,The University of Florida,,,,,Male,18,Not Hispanic/Latino,White,,High School,,Right,English,,"0689384c-416e-4368-8e1c-c4206e8a8e1c ",
2020-10-22 07:59:21,2020-10-22 08:03:01,IP Address,104.222.20.87,100,219,True,2020-10-22 08:03:01,R_1ocHe9XXBsgVP1w,,,,,29.6475067138671875,-82.40399932861328125,anonymous,EN,templeuf,The University of Florida,,,,,Female,18,Not Hispanic/Latino,White,,High School,,Right,English,,3b2f3e72-e644-4f9d-96a7-401c196d66b1,
2020-10-22 08:00:42,2020-10-22 08:03:17,IP Address,73.125.133.39,100,155,True,2020-10-22 08:03:18,R_3HM55ljNNhvGdlo,,,,,25.606201171875,-80.3451995849609375,anonymous,EN,templeuf,The University of Florida,,,,,Female,20,Hispanic/Latino,White,,High School,,Right,Spanish,5,f5f5d367-0c58-4cd6-a2b1-b984b763fc05,
2020-10-22 10:28:59,2020-10-22 10:33:20,IP Address,70.168.101.83,100,260,True,2020-10-22 10:33:20,R_2S848phqtQI9yhf,,,,,29.613800048828125,-82.3860015869140625,anonymous,EN,templeuf,The University of Florida,,,,,Male,18,Hispanic/Latino,White,,High School,,Both,Spanish,5,"39bc04c5-fa30-4f6a-bdda-6820699b82f6 ",
2020-10-15 12:05:15,2020-10-15 12:08:07,IP Address,68.105.172.145,94,172,False,2020-10-22 12:08:22,R_3e8MyqG7lshse5n,,,,,,,anonymous,EN,templeuf,The University of Florida,,,,,Female,19,Not Hispanic/Latino,Asian,,High School,,Right,English,,,
2020-10-23 08:02:19,2020-10-23 08:03:54,IP Address,128.227.1.39,100,95,True,2020-10-23 08:03:54,R_21GqJSW1yFPhx22,,,,,29.646697998046875,-82.328399658203125,anonymous,EN,templeuf,The University of Florida,,,,,Female,18,Not Hispanic/Latino,White,,High School,,Right,english,,247da523-61f9-4393-87a9-31214cf19d49,
2020-10-23 09:04:14,2020-10-23 09:06:50,IP Address,108.16.4.72,100,156,True,2020-10-23 09:06:50,R_1jZH5qttF2Ohohl,,,,,40.18499755859375,-75.00409698486328125,anonymous,EN,templeuf,Temple University,111,I am at least 18 years of age.,I Accept.,CG,Female,21,Not Hispanic/Latino,White,,High School,,Right,Russian,4-5,6f49cf77-8084-4d0f-a0a7-191c51ab300b,
2020-10-23 11:05:26,2020-10-23 11:09:16,IP Address,98.180.126.115,100,229,True,2020-10-23 11:09:16,R_26b4w6LEnYuJyoe,,,,,29.6824951171875,-82.36060333251953125,anonymous,EN,templeuf,The University of Florida,,,,,Female,19,Not Hispanic/Latino,Asian,,High School,,Right,Chinese,16,98647bb2-bb45-4cd2-9f07-f663803c5d2f,
2020-10-26 10:01:20,2020-10-26 10:03:30,IP Address,66.231.142.212,100,130,True,2020-10-26 10:03:31,R_2c8zyjBshJpIDpo,,,,,29.70050048828125,-82.3079986572265625,anonymous,EN,templeuf,The University of Florida,,,,,Other,20,Hispanic/Latino,White,,College,,Right,English,,0d484b4b-820f-4cda-9fa3-827b3f00e934,
2020-10-27 11:00:37,2020-10-27 11:03:49,IP Address,67.86.211.111,100,191,True,2020-10-27 11:03:49,R_2vcwEbEdBkBwog4,,,,,40.73370361328125,-74.19390106201171875,anonymous,EN,templeuf,Temple University,113,I am at least 18 years of age.,I Accept.,DKA,Female,19,Not Hispanic/Latino,Black/African American,,High School,,Right,English,,6358ea6c-55b3-4925-a760-18ad5ac526eb,
2020-10-27 13:00:13,2020-10-27 13:02:56,IP Address,192.245.0.2,100,163,True,2020-10-27 13:02:56,R_12J9X1iGOrs7dD2,,,,,29.646697998046875,-82.328399658203125,anonymous,EN,templeuf,The University of Florida,,,,,Female,18,Hispanic/Latino,White,,High School,,Right,Spanish,4,02f447fe-12a1-48a2-8cc5-2af2f9b4c034,
2020-10-27 15:08:15,2020-10-27 15:11:44,IP Address,71.185.187.195,100,208,True,2020-10-27 15:11:44,R_z1HAc67QmtcJX9v,,,,,40.110107421875,-75.15670013427734375,anonymous,EN,TempleUF,Temple University,113,I am at least 18 years of age.,I Accept.,AC,Female,18,Not Hispanic/Latino,White,,High School,,Right,English,,ad6ba5f5-188a-4d42-a280-63fde71d8438,
2020-10-28 07:31:39,2020-10-28 07:34:55,IP Address,128.227.1.38,100,196,True,2020-10-28 07:34:55,R_31AXtZbUd7oFouJ,,,,,29.646697998046875,-82.328399658203125,anonymous,EN,templeuf,The University of Florida,,,,,Male,18,Not Hispanic/Latino,White,,High School,,Right,English,,febbf5fa-b4ee-4101-8cf5-162acec2ce05,
2020-10-29 10:04:50,2020-10-29 10:07:57,IP Address,128.227.1.40,100,186,True,2020-10-29 10:07:57,R_qyl4FTgEoz5SIz7,,,,,29.646697998046875,-82.328399658203125,anonymous,EN,templeuf,The University of Florida,,,,,Female,19,Not Hispanic/Latino,White,,High School,,Right,English,,c1ec3fe4-63ce-4954-8bdc-dc5e1d9ad226,
2020-10-30 09:33:14,2020-10-30 09:36:17,IP Address,107.12.66.115,100,183,True,2020-10-30 09:36:17,R_yBBTG0ys4XwEK1r,,,,,34.22430419921875,-77.8849029541015625,anonymous,EN,Templeuf,Temple University,120,I am at least 18 years of age.,I Accept.,AR,Female,20,Not Hispanic/Latino,White,,High School,,Right,English,,6549564b-a203-4b9c-b6ef-e1f8162169d3,
2020-11-02 09:04:11,2020-11-02 09:08:21,IP Address,68.226.7.79,100,249,True,2020-11-02 09:08:21,R_0HZENdmU0rf9Qyt,,,,,29.6959075927734375,-82.40419769287109375,anonymous,EN,templeuf,The University of Florida,,,,,Female,18,Not Hispanic/Latino,White,,High School,,Right,English,,04e2f80e-24b5-4804-869e-5d8cd97ad59c,
2020-11-03 08:04:12,2020-11-03 08:15:11,IP Address,81.102.40.39,100,659,True,2020-11-03 08:15:12,R_2b2j0W9G5Vq25fj,,,,,51.357696533203125,0.1291046142578125,anonymous,EN,templeuf,The University of Florida,,,,,Female,34,,Black/African American,,Master's,,Left,Twi,6,e3f74869-23ce-4d7a-83c3-7054eef1f32d,
2020-11-05 08:08:17,2020-11-05 08:11:18,IP Address,128.227.1.43,100,181,True,2020-11-05 08:11:18,R_1ohanCLhkGJns4J,,,,,29.646697998046875,-82.328399658203125,anonymous,EN,templeuf,The University of Florida,,,,,Female,18,Not Hispanic/Latino,White,,High School,,Right,English,,ebe52bec-935f-4ebf-ab1e-743e1c1814fe,
2020-11-05 11:23:40,2020-11-05 11:26:27,IP Address,128.227.42.56,100,167,True,2020-11-05 11:26:27,R_2dgUmlYjv5D4MYE,,,,,29.6840057373046875,-82.356903076171875,anonymous,EN,templeuf,The University of Florida,,,,,Male,18,Not Hispanic/Latino,White,,High School,,Right,English,,5b4aadd5-412e-4b51-bd0b-7128dd0e5ec5,
2020-11-05 13:57:27,2020-11-05 14:00:16,IP Address,50.232.137.27,100,169,True,2020-11-05 14:00:16,R_V3hEOc0GzeH4s1P,,,,,39.973907470703125,-75.145599365234375,anonymous,EN,templeuf,Temple University,125,I am at least 18 years of age.,I Accept.,K.O,Female,18,Hispanic/Latino,Unknown/Do Not Wish To Say,,High School,,Right,English,,10b4bfcb-cef9-428c-931a-fe277682d93f,
2020-11-06 08:03:04,2020-11-06 08:04:49,IP Address,128.227.1.43,100,105,True,2020-11-06 08:04:50,R_1HiqZUroy3LTi3v,,,,,29.646697998046875,-82.328399658203125,anonymous,EN,templeuf,The University of Florida,,,,,Female,18,Not Hispanic/Latino,White,,High School,,Right,English,,1239fd57-e248-4ee2-9ecb-1b60c88a6f57,
2020-11-06 14:03:47,2020-11-06 14:08:02,IP Address,68.81.83.216,100,255,True,2020-11-06 14:08:03,R_3qgoGnsawHpt4SK,,,,,39.8545074462890625,-75.37729644775390625,anonymous,EN,templeuf,Temple University,10027,I am at least 18 years of age.,I Accept.,N.M,Male,20,Not Hispanic/Latino,Black/African American,,High School,,Right,English,,"265bac2e-533a-4476-ba3d-168dc5bac0d1  ",
2020-11-09 08:05:29,2020-11-09 08:10:12,IP Address,174.71.182.178,100,283,True,2020-11-09 08:10:12,R_10YjTbJ5Mq3rBI0,,,,,29.6475067138671875,-82.40399932861328125,anonymous,EN,templeuf,The University of Florida,,,,,Female,20,Hispanic/Latino,Other:,Middle Eastern/White,High School,,Left,Spanish,4,edf159e2-07d8-43a4-857b-e869bc174485,
2020-11-09 09:57:35,2020-11-09 10:00:24,IP Address,24.136.48.253,100,168,True,2020-11-09 10:00:24,R_d0iOtJFO3i6bNh7,,,,,29.6959075927734375,-82.40419769287109375,anonymous,EN,templeuf,The University of Florida,,,,,Female,20,Not Hispanic/Latino,White,,High School,,Right,English,,"46fb51be-0d6d-4fc0-8e61-5adff691f9be ",
2020-11-11 09:00:42,2020-11-11 09:03:45,IP Address,65.34.76.199,100,183,True,2020-11-11 09:03:45,R_2YkRh3ay1QS1RbJ,,,,,27.8406982421875,-82.7154998779296875,anonymous,EN,templeuf,The University of Florida,,,,,Female,18,Not Hispanic/Latino,White,,High School,,Right,English,,"05e1702e-4712-4c0a-a07c-fcd938791f95  ",
2020-11-12 08:03:29,2020-11-12 08:05:48,IP Address,128.227.1.38,100,139,True,2020-11-12 08:05:49,R_CagwEMh8WhxQ9Pz,,,,,29.646697998046875,-82.328399658203125,anonymous,EN,templeuf,The University of Florida,,,,,Female,18,Not Hispanic/Latino,White,,High School,,Right,english,,8e5dda57-8ac0-4073-9494-5c8f786268b7,
2020-11-16 08:01:30,2020-11-16 08:04:31,IP Address,76.101.116.11,100,181,True,2020-11-16 08:04:31,R_2CP3u7LVAX2XJIg,,,,,26.18829345703125,-81.70709991455078125,anonymous,EN,templeuf,The University of Florida,,,,,Male,18,Hispanic/Latino,White,,High School,,Right,Spanish,11,"dadb77ed-00b8-4632-af0f-f569dafb5a5a ",
2020-11-18 15:05:05,2020-11-18 15:09:03,IP Address,68.83.24.46,100,238,True,2020-11-18 15:09:04,R_2E48wXksJLx1vnb,,,,,40.43060302734375,-74.40200042724609375,anonymous,EN,templeuf,Temple University,128,I am at least 18 years of age.,I Accept.,JS,Female,28,Hispanic/Latino,White,,Master's,,Right,English,,91c0a1ef-0d38-41f4-b2d6-aa9569c6202e,
2020-11-19 08:02:40,2020-11-19 08:06:11,IP Address,66.231.138.83,100,210,True,2020-11-19 08:06:12,R_12PiL5RslGccXRS,,,,,29.646697998046875,-82.328399658203125,anonymous,EN,templeuf,The University of Florida,,,,,Male,18,Hispanic/Latino,White,,High School,,Right,English,,e1a48277-e211-481a-81ae-95d581ec3851,
2020-11-20 08:03:50,2020-11-20 08:06:35,IP Address,99.32.57.113,100,164,True,2020-11-20 08:06:35,R_2bDbU9G7DP9WqXv,,,,,30.1320037841796875,-81.7725982666015625,anonymous,EN,templeuf,The University of Florida,,,,,Female,18,Not Hispanic/Latino,Asian,,High School,,Right,English,,4ee477f8-ff25-4bdb-9959-d9571cadb6c7,
2020-11-24 08:03:06,2020-11-24 08:09:51,IP Address,72.205.26.201,100,405,True,2020-11-24 08:09:51,R_DVwt0ykETjIfzSF,,,,,38.8878936767578125,-77.44480133056640625,anonymous,EN,templeuf,Temple University,135,I am at least 18 years of age.,I Accept.,PD,Male,20,Not Hispanic/Latino,Asian,,High School,,Left,English,,37b14be4-978e-48e6-89b3-450b1a947752,
2020-11-24 09:02:43,2020-11-24 09:06:09,IP Address,141.158.62.72,100,206,True,2020-11-24 09:06:09,R_u4E1TdHsVFULEDT,,,,,39.9945068359375,-75.16480255126953125,anonymous,EN,templeuf,Temple University,135,I am at least 18 years of age.,I Accept.,S.J.,Female,22,Not Hispanic/Latino,Asian,,High School,,Right,English,,b9bfd63d-9c7d-4ccd-93a8-bbb1afa8a541,
2020-11-24 09:34:37,2020-11-24 09:40:52,IP Address,129.32.225.6,100,374,True,2020-11-24 09:40:52,R_12hghm9WPNmJuf1,,,,,39.973907470703125,-75.145599365234375,anonymous,EN,templeuf,Temple University,136,I am at least 18 years of age.,I Accept.,ch,Female,19,Hispanic/Latino,Unknown/Do Not Wish To Say,,High School,,Right,spanish,10,73cc3358-285f-4f2e-90c0-2fca4281b9f6,
2020-11-20 14:13:49,2020-11-20 14:19:24,IP Address,107.77.202.20,94,335,False,2020-11-27 14:19:32,R_Wv62hFVe3YRuEKd,,,,,,,anonymous,EN,templeuf,Temple University,135,I am at least 18 years of age.,I Accept.,JY,Female,35,Not Hispanic/Latino,Asian,,College,,Right,Chinese,25,,
2020-12-02 08:00:14,2020-12-02 08:03:05,IP Address,71.196.78.128,100,171,True,2020-12-02 08:03:06,R_3hH1a0hBg99r33r,,,,,25.9091949462890625,-80.3927001953125,anonymous,EN,templeuf,The University of Florida,,,,,Male,19,Hispanic/Latino,White,,High School,,Right,English,,7c15814f-d9ba-4e6f-84ed-5e625443416a,
2020-12-02 12:06:45,2020-12-02 12:09:23,IP Address,68.82.101.21,100,157,True,2020-12-02 12:09:23,R_1H14YTy0WKMTWWu,,,,,40.2104034423828125,-74.82779693603515625,anonymous,EN,templeuf,The University of Florida,,,,,Male,18,Not Hispanic/Latino,White,,High School,,Right,English,,53473141-5199-42a0-a807-52dca98ceb25,
2020-12-03 08:08:44,2020-12-03 08:10:38,IP Address,128.227.39.145,100,113,True,2020-12-03 08:10:38,R_1IGjKPSUiInX0xx,,,,,29.6840057373046875,-82.356903076171875,anonymous,EN,templeuf,The University of Florida,,,,,Female,19,Not Hispanic/Latino,Black/African American,,High School,,Right,English,,b16cbe15-9952-4706-8e1a-cb16fb90ec92,
2020-12-04 13:40:18,2020-12-04 13:44:14,IP Address,68.83.233.123,100,236,True,2020-12-04 13:44:15,R_x9QFrS6bb8Y2cX7,,,,,40.0782012939453125,-75.1298980712890625,anonymous,EN,templeuf,Temple University,144,I am at least 18 years of age.,I Accept.,CJ,Female,18,Not Hispanic/Latino,Black/African American,,High School,,Right,English,,d9c6574f-496e-495d-a6ea-3f33058c15cb,
2020-12-09 08:06:04,2020-12-09 08:12:28,IP Address,50.235.150.100,100,384,True,2020-12-09 08:12:28,R_2s0gt48o6WdQUTl,,,,,39.9810028076171875,-75.16989898681640625,anonymous,EN,templeuf,Temple University,144,I am at least 18 years of age.,I Accept.,AVFC,Female,18,Hispanic/Latino,Unknown/Do Not Wish To Say,,High School,,Right,Spanish,15,ad14918e-4cfe-460b-b8cf-55d39b30a6cb,
2020-12-10 11:03:19,2020-12-10 11:09:37,IP Address,132.147.52.103,100,377,True,2020-12-10 11:09:38,R_1r2oUitql7tjuhl,,,,,40.437103271484375,-78.36389923095703125,anonymous,EN,templeuf,Temple University,146,I am at least 18 years of age.,I Accept.,cg,Female,18,Not Hispanic/Latino,White,,High School,,Right,English,,"fd030fc8-794d-48cb-9a90-9a051160ae5d  ",
