Participant_ID,Seen_Within,Unseen_All,Unseen_Within,Unseen_Between,Between_Pointing,Within_Pointing,Study,Motivation,Buildings_ID,Differently_Classified,Ethnicity,SBSOD,Gender,WRAT,Model_Building,Model_Building_A,Model_Building_B,Buildings_Percent,MRT,Ints_Others_Clusters,Non_Int_Imps_Only_Clusters,Study_Combined_Correct,Two_Step_Within_0,Two_Step_Within_1,Two_Step_Within_2,Two_Step_Within_3,Two_Step_Across_All,Two_Step_Within_All,Cluster_Matches,K_Means_Within_0,K_Means_Within_1,K_Means_Within_2,K_Means_Within_3,K_Means_Across_All,K_Means_Within_All,SAQ,Model_Building_Average_Within,Total_Time_in_Environment,Seen_Unseen,UnseenB_UnseenW,Pointing_mean
1,,,,,45.32,29.2,0,,,,,4.933333333,Male,,0.321670075,0.727779442,0.641715591,,-4,1,1,,Non-Integrator,,,,Non-Integrator,Non-Integrator,0,Imprecise Navigator,,,,Non-Integrator,Imprecise Navigator,,0.684747517,,,,38.41142857
2,,,,,53.51,46.71,0,,,,,4.533333333,Female,,0.213397196,0.020522802,0.441295387,,32,1,2,,Imprecise Navigator,,,,Imprecise Navigator,Imprecise Navigator,0,Imprecise Navigator,,,,Imprecise Navigator,Imprecise Navigator,,0.230909095,,,,50.59571429
3,,,,,75.07,12.95,0,,,,,4.266666667,Female,,0.406674845,0.599065234,0.927170725,,32,1,2,,Non-Integrator,,,,Non-Integrator,Non-Integrator,0,Non-Integrator,,,,Non-Integrator,Non-Integrator,,0.76311798,,,,48.44714286
4,,,,,20.97,11.83,0,,,,,4.2,Female,,0.937156135,0.969228071,0.911657891,,62,2,,,Integrator,,,,Integrator,Integrator,0,Integrator,,,,Integrator,Integrator,,0.940442981,,,,17.05285714
5,,,,,41.45,10.65,0,,,1,,5.533333333,Female,,0.746601408,0.962052447,0.348784386,,32,2,,,Integrator,,,,Non-Integrator,Integrator,1,Integrator,,,,Integrator,Integrator,,0.655418417,,,,28.25
6,,,,,51.65,22.98,0,,,,,4.533333333,Male,,0.516240633,0.636700056,0.735622105,,16,1,1,,Non-Integrator,,,,Non-Integrator,Non-Integrator,0,Non-Integrator,,,,Non-Integrator,Non-Integrator,,0.686161081,,,,39.36285714
7,,,,,50.31,27.26,0,,,,,4.4,Male,,0.038862397,0.137848543,0.241486034,,16,1,1,,Non-Integrator,,,,Non-Integrator,Non-Integrator,0,Non-Integrator,,,,Non-Integrator,Non-Integrator,,0.189667288,,,,40.43142857
8,,,,,47.37,36.52,0,,,,,4.066666667,Male,,0.557709434,0.057886905,0.801499465,,26,1,1,,Imprecise Navigator,,,,Imprecise Navigator,Imprecise Navigator,0,Imprecise Navigator,,,,Imprecise Navigator,Imprecise Navigator,,0.429693185,,,,42.72
9,,,,,54.32,44.19,0,,,,,4.4,Female,,0.663707235,0.40554953,0.379276163,,-10,1,2,,Imprecise Navigator,,,,Imprecise Navigator,Imprecise Navigator,0,Imprecise Navigator,,,,Imprecise Navigator,Imprecise Navigator,,0.392412846,,,,49.97857143
10,,,,,48.61,28.81,0,,,,,4,Female,,0.234618761,0.020875103,0.434673296,,-14,1,1,,Non-Integrator,,,,Non-Integrator,Non-Integrator,0,Imprecise Navigator,,,,Non-Integrator,Imprecise Navigator,,0.2277742,,,,40.12428571
11,,,,,69.09,22.7,0,,,,,3.733333333,Male,,0.109291416,0.73847396,0.819668746,,40,1,2,,Non-Integrator,,,,Non-Integrator,Non-Integrator,0,Non-Integrator,,,,Non-Integrator,Non-Integrator,,0.779071353,,,,49.20857143
12,,,,,53.65,30.84,0,,,,,4.866666667,Male,,0.407017352,0.438226861,0.785801688,,46,1,2,,Non-Integrator,,,,Imprecise Navigator,Non-Integrator,1,Imprecise Navigator,,,,Imprecise Navigator,Imprecise Navigator,,0.612014275,,,,43.87428571
13,,,,,58.86,12.05,0,,,,,4.4,Male,,0.678417116,0.607372889,0.861834965,,22,1,2,,Non-Integrator,,,,Non-Integrator,Non-Integrator,0,Non-Integrator,,,,Non-Integrator,Non-Integrator,,0.734603927,,,,38.79857143
14,,,,,41.98,23.26,0,,,,,3.333333333,Female,,0.606839221,0.546707776,0.782175333,,24,1,1,,Non-Integrator,,,,Non-Integrator,Non-Integrator,0,Non-Integrator,,,,Non-Integrator,Non-Integrator,,0.664441555,,,,33.95714286
15,,,,,59.82495045,36.07234222,0,,,,,5.33,Male,,0.22807557,0.385414815,0.121713722,,-8,1,2,,Imprecise Navigator,,,,Imprecise Navigator,Imprecise Navigator,0,Imprecise Navigator,,,,Imprecise Navigator,Imprecise Navigator,,0.253564269,,,,49.64526121
16,,,,,45.87041305,19.90341242,0,,,,,5.6,Male,,0.019313264,0.855253798,0.910386644,,62,1,1,,Non-Integrator,,,,Non-Integrator,Non-Integrator,0,Non-Integrator,,,,Non-Integrator,Non-Integrator,,0.882820221,,,,34.74169849
17,,,,,57.37217873,29.73168626,0,,,,,4.6,Female,,0.452501805,0.440518282,0.862975704,,22,1,2,,Non-Integrator,,,,Imprecise Navigator,Non-Integrator,1,Imprecise Navigator,,,,Imprecise Navigator,Imprecise Navigator,,0.651746993,,,,45.52625339
18,,,,,31.60004851,11.37696912,0,,,,,4,Male,,0.816772253,0.960818215,0.721342924,,22,2,,,Integrator,,,,Integrator,Integrator,0,Integrator,,,,Integrator,Integrator,,0.84108057,,,,22.93301449
19,,,,,38.09080448,12.88325147,0,,,,,3.87,Female,,0.071295566,0.777047097,0.95927816,,14,2,,,Integrator,,,,Integrator,Integrator,0,Integrator,,,,Integrator,Integrator,,0.868162628,,,,27.28756748
20,,,,,25.42331669,14.46950942,0,,,,,5.67,Female,,0.63692267,0.946901636,0.819375473,,54,2,,,Integrator,,,,Integrator,Integrator,0,Integrator,,,,Integrator,Integrator,,0.883138555,,,,20.72882786
21,,,,,46.75035584,30.08022868,0,,,1,,5.47,Female,,0.303786673,0.11886802,0.291910538,,10,1,1,,Non-Integrator,,,,Imprecise Navigator,Non-Integrator,1,Imprecise Navigator,,,,Non-Integrator,Imprecise Navigator,,0.205389279,,,,39.60601563
22,,,,,62.10463431,33.52653834,0,,,,,5,Female,,0.366149704,0.13991731,0.787160658,,16,1,2,,Imprecise Navigator,,,,Imprecise Navigator,Imprecise Navigator,0,Imprecise Navigator,,,,Imprecise Navigator,Imprecise Navigator,,0.463538984,,,,49.85687889
23,,,,,56.7246106,36.51226761,0,,,,,5.13,Female,,0.382420558,0.804706921,0.257228599,,38,1,2,,Imprecise Navigator,,,,Imprecise Navigator,Imprecise Navigator,0,Imprecise Navigator,,,,Imprecise Navigator,Imprecise Navigator,,0.53096776,,,,48.06217789
24,,,,,48.12472896,22.8853842,0,,,,,3.8,Female,,0.303585338,0.633169139,0.861797694,,20,1,1,,Non-Integrator,,,,Non-Integrator,Non-Integrator,0,Non-Integrator,,,,Non-Integrator,Non-Integrator,,0.747483416,,,,37.30786692
25,,,,,41.01609106,46.23238215,0,,,,,3.47,Female,,0.291256557,0.829137637,0.030994295,,12,1,1,,Imprecise Navigator,,,,Imprecise Navigator,Imprecise Navigator,0,Imprecise Navigator,,,,Imprecise Navigator,Imprecise Navigator,,0.430065966,,,,43.25164438
26,,,,,62.06997032,35.10279501,0,,,,,4,Female,,0.24393164,0.800837862,0.259186741,,-6,1,2,,Imprecise Navigator,,,,Imprecise Navigator,Imprecise Navigator,0,Imprecise Navigator,,,,Imprecise Navigator,Imprecise Navigator,,0.530012302,,,,50.51260947
27,,,,,52.16584965,22.22413795,0,,,,,4.93,Female,,0.495011965,0.362083353,0.77288803,,-2,1,2,,Non-Integrator,,,,Non-Integrator,Non-Integrator,0,Non-Integrator,,,,Non-Integrator,Non-Integrator,,0.567485692,,,,39.33368749
28,,,,,17.23311537,6.791957465,0,,,,,5.47,Female,,0.90664985,0.928753925,0.757164473,,30,2,,,Integrator,,,,Integrator,Integrator,0,Integrator,,,,Integrator,Integrator,,0.842959199,,,,12.75833341
29,,,,,24.84958242,7.891004335,0,,,,,5.33,Male,,0.758129049,0.965957596,0.657650946,,30,2,,,Integrator,,,,Integrator,Integrator,0,Integrator,,,,Integrator,Integrator,,0.811804271,,,,17.58162038
30,,,,,37.96482493,46.53131192,0,,,,,4.07,Female,,0.424745639,0.554639233,0.070736479,,24,1,1,,Imprecise Navigator,,,,Imprecise Navigator,Imprecise Navigator,0,Imprecise Navigator,,,,Imprecise Navigator,Imprecise Navigator,,0.312687856,,,,41.6361765
31,,,,,27.71418607,7.065229395,0,,,,,5,Female,,0.952920211,0.912370148,0.89119187,,40,2,,,Integrator,,,,Integrator,Integrator,0,Integrator,,,,Integrator,Integrator,,0.901781009,,,,18.86463321
32,,,,,48.44764337,24.04104519,0,,,,,3.6,Female,,0.547137311,0.238824341,0.90616029,,30,1,1,,Non-Integrator,,,,Non-Integrator,Non-Integrator,0,Non-Integrator,,,,Non-Integrator,Non-Integrator,,0.572492316,,,,37.98767272
33,,,,,55.02730886,32.47361855,0,,,,,3.67,Female,,0.504879458,0.669004801,0.724727099,,24,1,2,,Imprecise Navigator,,,,Imprecise Navigator,Imprecise Navigator,0,Imprecise Navigator,,,,Imprecise Navigator,Imprecise Navigator,,0.69686595,,,,45.36144158
34,,,,,56.84653271,36.16901368,0,,,,,5.266666667,Male,,0.546686435,0.49640373,0.71308145,,22,1,2,,Imprecise Navigator,,,,Imprecise Navigator,Imprecise Navigator,0,Imprecise Navigator,,,,Imprecise Navigator,Imprecise Navigator,,0.60474259,,,,47.98473884
35,,,,,67.65566039,43.07018787,0,,,,,3.733333333,Female,,0.349289745,0.674904141,0.179608051,,14,1,2,,Imprecise Navigator,,,,Imprecise Navigator,Imprecise Navigator,0,Imprecise Navigator,,,,Imprecise Navigator,Imprecise Navigator,,0.427256096,,,,57.11902931
36,,,,,54.27615799,21.75919989,0,,,,,2.6,Male,,0.104485948,0.852208364,0.005381562,,34,1,2,,Non-Integrator,,,,Non-Integrator,Non-Integrator,0,Non-Integrator,,,,Non-Integrator,Non-Integrator,,0.428794963,,,,40.3403188
37,,,,,57.92121142,18.17652891,0,,,,,4.133333333,Female,,0.34481626,0.727353879,0.654130114,,10,1,2,,Non-Integrator,,,,Non-Integrator,Non-Integrator,0,Non-Integrator,,,,Non-Integrator,Non-Integrator,,0.690741997,,,,40.88777606
38,,,,,64.30408455,44.64576194,0,,,,,2.4,Female,,0.073991029,0.059134134,0.242886644,,38,1,2,,Imprecise Navigator,,,,Imprecise Navigator,Imprecise Navigator,0,Imprecise Navigator,,,,Imprecise Navigator,Imprecise Navigator,,0.151010389,,,,55.87908915
39,,,,,19.56364892,7.617915413,0,,,,,4,Male,,0.895525771,0.755010046,0.903090192,,72,2,,,Integrator,,,,Integrator,Integrator,0,Integrator,,,,Integrator,Integrator,,0.829050119,,,,14.44404885
40,,,,,49.3861473,19.08686487,0,,,,,4.266666667,Male,,0.848842747,0.577652759,0.843484467,,58,1,1,,Non-Integrator,,,,Non-Integrator,Non-Integrator,0,Non-Integrator,,,,Non-Integrator,Non-Integrator,,0.710568613,,,,36.40074054
41,,,,,50.02363334,18.8617695,0,,,,,4.6,Male,,0.747900387,0.766725682,0.792480372,,16,1,1,,Non-Integrator,,,,Non-Integrator,Non-Integrator,0,Non-Integrator,,,,Non-Integrator,Non-Integrator,,0.779603027,,,,36.66854884
42,,,,,56.23082829,24.80624806,0,,,,,4.066666667,Female,,0.143424585,0.506271612,0.842473953,,46,1,2,,Non-Integrator,,,,Non-Integrator,Non-Integrator,0,Non-Integrator,,,,Non-Integrator,Non-Integrator,,0.674372783,,,,42.76315105
43,,,,,56.80755238,6.839923725,0,,,,,3.866666667,Male,,0.703296904,0.954981347,0.942209986,,28,1,2,,Non-Integrator,,,,Non-Integrator,Non-Integrator,0,Non-Integrator,,,,Non-Integrator,Non-Integrator,,0.948595667,,,,35.39285439
44,,,,,23.85172221,9.563704462,0,,,,,5.466666667,Male,,0.917262538,0.748992045,0.910665691,,22,2,,,Integrator,,,,Integrator,Integrator,0,Integrator,,,,Integrator,Integrator,,0.829828868,,,,17.72828603
45,,,,,33.81993246,18.94990221,0,,,,,5.2,Male,,0.60349045,0.675357316,0.933771874,,24,2,,,Integrator,,,,Integrator,Integrator,0,Integrator,,,,Integrator,Integrator,,0.804564595,,,,27.44706235
46,,,,,45.13465385,22.38192937,0,,,,,4.6,Male,,0.6820771,0.367945998,0.858423791,,68,1,1,,Non-Integrator,,,,Non-Integrator,Non-Integrator,0,Non-Integrator,,,,Non-Integrator,Non-Integrator,,0.613184895,,,,35.38348622
47,,,,,51.35253146,33.52155284,0,,,,,3.067,Male,,0.267793822,0.098063384,0.845107871,,48,1,2,,Imprecise Navigator,,,,Imprecise Navigator,Imprecise Navigator,0,Imprecise Navigator,,,,Imprecise Navigator,Imprecise Navigator,,0.471585628,,,,43.71068348
48,,,,,12.70046804,6.329310353,0,,,,,5.666666667,Male,,0.889267468,0.952044607,0.806169996,,50,2,,,Integrator,,,,Integrator,Integrator,0,Integrator,,,,Integrator,Integrator,,0.879107302,,,,9.969971888
49,,,,,26.80374422,11.63489553,0,,,,,6.46667,Male,,0.459695293,0.294700616,0.587162407,,46,2,,,Integrator,,,,Integrator,Integrator,0,Integrator,,,,Integrator,Integrator,,0.440931512,,,,20.30280907
1001,10.07323375,24.60313908,38.64763099,20.21423536,20.21423536,21.9792326,1,,5,,,3.133333333,Male,47,0.489043184,0.210223545,0.808425836,0.625,,2,,1,,Integrator,,,Integrator,Integrator,0,,Integrator,,,Integrator,Integrator,3.89,0.509324691,,3,3,20.97066275
1002,5.976713285,48.01063019,15.16562006,58.27469586,58.27469586,9.80542444,1,,,,,5.533333333,Male,,0.457136285,0.747308539,0.190508386,,,1,2,1,,Non-Integrator,,,Non-Integrator,Non-Integrator,0,,Non-Integrator,,,Non-Integrator,Non-Integrator,,0.468908463,,2,1,37.50215097
1003,50.62621489,53.52693063,46.0523423,55.86273948,55.86273948,48.72043464,1,,,,,3.733333333,Male,,0.382872214,0.728185191,0.629351261,,,1,2,1,,Imprecise Navigator,,,Imprecise Navigator,Imprecise Navigator,0,,Imprecise Navigator,,,Imprecise Navigator,Imprecise Navigator,,0.678768226,,1,2,52.80175169
1004,3.693535801,22.86321903,13.71893388,25.72080813,25.72080813,7.870785002,1,,,,,4.733333333,Female,,0.925947,0.889316816,0.83725153,,,2,,1,,Integrator,,,Integrator,Integrator,0,,Integrator,,,Integrator,Integrator,,0.863284173,,3,3,18.07079822
1005,6.990487756,41.75854418,33.4038266,44.36939342,44.36939342,17.99604561,1,,4,,,4.733333333,Female,45,0.385930482,0.392962878,0.758849987,0.5,,1,1,1,,Non-Integrator,,,Non-Integrator,Non-Integrator,0,,Non-Integrator,,,Non-Integrator,Non-Integrator,3.75,0.575906433,,2,1,33.06653007
1006,21.38841906,41.13123111,31.07756313,44.27300236,44.27300236,25.42556243,1,,3,,,3.6,Female,43,0.155929036,0.242028987,0.040747828,0.375,,1,1,1,,Non-Integrator,,,Non-Integrator,Non-Integrator,0,,Non-Integrator,,,Non-Integrator,Non-Integrator,4.38,0.141388408,,2,1,36.1955281
1007,7.751066184,43.03453644,50.50051795,40.70141722,40.70141722,25.56333775,1,,,,,5.4,Female,,0.251371029,0.442423229,0.819924427,,,1,1,1,,Non-Integrator,,,Non-Integrator,Non-Integrator,0,,Non-Integrator,,,Non-Integrator,Non-Integrator,,0.631173828,,2,2,34.21366888
1008,9.507372255,50.56890015,26.01893388,58.24076461,58.24076461,16.3871896,1,,,,,3.066666667,Female,,0.073542213,0.499128959,0.211663291,,,1,2,1,,Non-Integrator,,,Non-Integrator,Non-Integrator,0,,Non-Integrator,,,Non-Integrator,Non-Integrator,,0.355396125,,2,1,40.30351818
1009,4.323212747,30.97894834,48.97401882,25.35548882,25.35548882,22.92771528,1,,4,,,6.466666667,Female,51,0.81123877,0.877579812,0.857402522,0.5,,2,,1,,Integrator,,,Integrator,Integrator,0,,Integrator,,,Integrator,Integrator,,0.867491167,,3,3,24.31501445
1010,23.13859694,53.78545761,39.20192588,58.34281127,58.34281127,29.83165067,1,,,,White,3.466666667,Female,,0.501042467,0.439075746,0.419409209,,,1,2,1,,Imprecise Navigator,,,Imprecise Navigator,Imprecise Navigator,0,,Non-Integrator,,,Imprecise Navigator,Non-Integrator,,0.429242478,,2,1,46.12374244
1011,22.65262378,47.47773994,45.33405599,48.14764118,48.14764118,32.10322053,1,,,,White,3.733333333,Female,,0.611558273,0.75875082,0.410349288,,,1,1,1,,Imprecise Navigator,,,Imprecise Navigator,Imprecise Navigator,0,,Imprecise Navigator,,,Imprecise Navigator,Imprecise Navigator,3.875,0.584550054,,2,2,41.2714609
1012,4.111309708,13.00522154,5.548933028,15.3353117,15.3353117,4.710319425,1,,5,,White,5,Male,54,0.937405919,0.909559734,0.766051069,0.625,,2,,1,,Integrator,,,Integrator,Integrator,0,,Integrator,,,Integrator,Integrator,2.125,0.837805402,,3,3,10.78174358
1013,10.00614916,51.64793402,41.41309837,54.84632016,54.84632016,23.092378,1,,,,Black,4.533333333,Female,,0.401036164,0.363604357,0.778930833,,,1,2,1,,Non-Integrator,,,Non-Integrator,Non-Integrator,0,,Non-Integrator,,,Non-Integrator,Non-Integrator,2.625,0.571267595,,2,1,41.23748781
1014,40.00924102,51.14486374,54.42247819,50.12060922,50.12060922,46.01475651,1,,,,Black,3.266666667,Female,,0.626289525,0.456219283,0.566624936,,,1,2,1,,Imprecise Navigator,,,Imprecise Navigator,Imprecise Navigator,0,,Imprecise Navigator,,,Imprecise Navigator,Imprecise Navigator,3.875,0.51142211,,1,2,48.36095806
1015,16.52723734,47.27702412,30.41320642,52.54696715,52.54696715,22.31305779,1,,,,White,4.666666667,Female,,0.20129867,0.453539205,0.296753858,,,1,2,1,,Non-Integrator,,,Non-Integrator,Non-Integrator,0,,Non-Integrator,,,Non-Integrator,Non-Integrator,3.125,0.375146532,,2,1,39.58957742
1016,27.12003661,49.58645335,48.73605319,49.8522034,49.8522034,36.12671019,1,,4,,,4.266666667,Female,48,0.391995385,0.762787271,0.330044414,0.5,,1,1,1,,Imprecise Navigator,,,Imprecise Navigator,Imprecise Navigator,0,,Imprecise Navigator,,,Imprecise Navigator,Imprecise Navigator,4.375,0.546415843,,1,2,43.96984917
1017,9.250689167,47.34757399,28.67974628,53.18127016,53.18127016,17.34612963,1,,,,White,4.866666667,Male,,0.634209732,0.688326238,0.816713888,,,1,2,1,,Non-Integrator,,,Non-Integrator,Non-Integrator,0,,Non-Integrator,,,Non-Integrator,Non-Integrator,2.875,0.752520063,,2,1,37.82335279
1018,14.48992563,47.30254839,19.41320642,56.01796776,56.01796776,16.54129263,1,,4,,White,6.133333333,Female,53,0.542088691,0.549654788,0.873070685,0.5,,1,2,1,,Non-Integrator,,,Non-Integrator,Non-Integrator,0,,Non-Integrator,,,Non-Integrator,Non-Integrator,1.375,0.711362736,,2,1,39.0993927
1019,23.27310137,47.52343654,45.57391077,48.13266335,48.13266335,32.56510529,1,,3,,White,5.133333333,Female,45,0.335807492,0.828031445,0.468999646,0.375,,1,1,1,,Imprecise Navigator,,,Imprecise Navigator,Imprecise Navigator,0,,Imprecise Navigator,,,Imprecise Navigator,Imprecise Navigator,3.5,0.648515546,,2,2,41.46085275
1020,27.27066301,57.6235457,54.0903629,58.72766532,58.72766532,38.44553796,1,,,,Black,5.866666667,Male,,0.401813151,0.607298707,0.407836581,,,1,2,1,,Imprecise Navigator,,,Imprecise Navigator,Imprecise Navigator,0,,Imprecise Navigator,,,Imprecise Navigator,Imprecise Navigator,3.375,0.507567644,,1,2,50.03532502
1021,2.448457336,25.5488554,15.98681859,28.5369919,28.5369919,8.089441192,1,,,,White,5.4,Female,,0.797232026,0.872107433,0.597597437,,,2,,1,,Integrator,,,Integrator,Integrator,0,,Integrator,,,Integrator,Integrator,3.125,0.734852435,,3,3,19.77375588
1022,21.40638062,41.35913952,40.78215008,41.53944872,41.53944872,29.4796179,1,,,,Black,4.2,Female,,0.584021448,0.474775591,0.944968048,,,1,1,1,,Non-Integrator,,,Non-Integrator,Non-Integrator,0,,Non-Integrator,,,Non-Integrator,Non-Integrator,4.375,0.70987182,,2,1,36.3709498
1023,5.95356941,19.4353439,23.16244102,18.27062605,18.27062605,13.12393258,1,,,,,4.866666667,Female,,0.556533065,0.544695963,0.880452771,,,2,,1,,Integrator,,,Integrator,Integrator,0,,Integrator,,,Integrator,Integrator,2.875,0.712574367,,3,3,16.06490028
1024,63.73707904,60.05455201,59.85335845,60.117425,60.117425,62.11886212,1,,,,,4.2,Female,,0.283410358,0.315806735,0.314138414,,,1,2,1,,Imprecise Navigator,,,Imprecise Navigator,Imprecise Navigator,0,,Imprecise Navigator,,,Imprecise Navigator,Imprecise Navigator,3.875,0.314972575,,1,2,60.97518377
1025,12.69220085,45.48356227,31.62576528,49.81412383,49.81412383,20.58118603,1,,6,,White,5.4,Female,48,0.620759812,0.927373205,0.235555577,0.75,,1,1,1,,Non-Integrator,,,Non-Integrator,Non-Integrator,0,,Non-Integrator,,,Non-Integrator,Non-Integrator,4.125,0.581464391,,2,1,37.28572192
1026,12.35776526,58.02759308,35.82325342,64.96644922,64.96644922,22.135052,1,,6,,Black,5.2,Female,46,0.194100423,0.90038077,0.098159718,0.75,,1,2,1,,Non-Integrator,,,Non-Integrator,Non-Integrator,0,,Non-Integrator,,,Non-Integrator,Non-Integrator,4,0.499270244,,2,1,46.61013613
1027,43.12325309,50.62277056,37.14733374,54.83384457,54.83384457,40.63328669,1,,2,,White,1.533333333,Female,53,0.563004696,0.878079943,0.067040223,0.25,,1,2,1,,Imprecise Navigator,,,Imprecise Navigator,Imprecise Navigator,0,,Imprecise Navigator,,,Imprecise Navigator,Imprecise Navigator,6.125,0.472560083,,1,1,48.74789119
1028,20.54554629,42.34885455,22.3526128,48.5976801,48.5976801,21.29849067,1,,,,,5.533333333,Male,,0.346972046,0.865736269,0.495439179,,,1,1,1,,Non-Integrator,,,Non-Integrator,Non-Integrator,0,,Non-Integrator,,,Non-Integrator,Non-Integrator,3.875,0.680587724,,2,1,36.89802749
1029,8.702225886,27.51731879,30.77974628,26.4978102,26.4978102,17.90119272,1,,5,,White,5.666666667,Male,49,0.844956638,0.88229622,0.927742994,0.625,,2,,1,,Integrator,,,Integrator,Integrator,0,,Integrator,,,Integrator,Integrator,3.125,0.905019607,,3,3,22.81354557
1030,54.69302351,49.27796236,58.8443439,46.28846813,46.28846813,56.42274034,1,,,,White,3.733333333,Female,,0.251198056,0.72583708,0.593903276,,,1,1,1,,Imprecise Navigator,,,Imprecise Navigator,Imprecise Navigator,0,,Imprecise Navigator,,,Imprecise Navigator,Imprecise Navigator,4,0.659870178,,1,2,50.63172765
1031,19.01322222,44.5815586,34.08936702,47.86036847,47.86036847,25.29494922,1,,2,,Asian,2.466666667,Male,30,0.182477583,0.364100183,0.968746842,0.25,,1,1,1,,Non-Integrator,,,Non-Integrator,Non-Integrator,0,,Non-Integrator,,,Non-Integrator,Non-Integrator,4.125,0.666423513,,2,1,38.18947451
1032,25.97466254,56.51163486,48.90814614,58.88772508,58.88772508,35.53028071,1,,,,Black,4.466666667,Female,,0.132261091,0.75091528,0.923157393,,,1,2,1,,Imprecise Navigator,,,Imprecise Navigator,Imprecise Navigator,0,,Imprecise Navigator,,,Imprecise Navigator,Imprecise Navigator,2.5,0.837036337,,1,2,48.87739178
1033,20.27471516,49.52804133,41.01309837,52.18896101,52.18896101,28.91570817,1,,,,White,4.266666667,Female,,0.599725743,0.942374413,0.201634786,,,1,2,1,,Imprecise Navigator,,,Imprecise Navigator,Imprecise Navigator,0,,Non-Integrator,,,Non-Integrator,Non-Integrator,4.25,0.5720046,,2,1,42.21470979
1034,19.94550048,25.54271162,45.14685576,19.41641658,19.41641658,30.44606518,1,,,,Asian,3.4,Female,,0.86077427,0.909433899,0.779103127,,,2,,1,,Integrator,,,Integrator,Integrator,0,,Integrator,,,Integrator,Integrator,5.5,0.844268513,,3,3,24.14340884
1035,7.771614496,23.88057004,25.32389074,23.42953232,23.42953232,15.08506293,1,,,,Hispanic,5.066666667,Female,,0.934090262,0.92006253,0.84567436,,,2,,1,,Integrator,,,Integrator,Integrator,0,,Integrator,,,Integrator,Integrator,2.5,0.882868445,,3,3,19.85333115
1036,24.8035854,42.84980646,24.47324359,48.59248235,48.59248235,24.66594298,1,,,,White,4.133333333,Female,,0.31788004,0.608429415,0.387861865,,,1,1,1,,Non-Integrator,,,Non-Integrator,Non-Integrator,0,,Non-Integrator,,,Non-Integrator,Non-Integrator,4.5,0.49814564,,2,1,38.33825119
1037,6.80701344,44.68517617,10.67025813,55.31483806,55.31483806,8.416698727,1,,,,Wh/Hisp,5.266666667,Male,,0.439681971,0.91348728,0.762399182,,,1,2,1,,Non-Integrator,,,Non-Integrator,Non-Integrator,0,,Non-Integrator,,,Non-Integrator,Non-Integrator,2.5,0.837943231,,2,3,35.21563549
1038,7.15795418,53.6650514,59.79113813,51.7506493,51.7506493,29.08844749,1,,,,White,4.333333333,Male,,0.706467382,0.381987662,0.75302432,,,1,2,1,,Imprecise Navigator,,,Imprecise Navigator,Imprecise Navigator,0,,Non-Integrator,,,Non-Integrator,Non-Integrator,4.25,0.567505991,,2,2,42.0382771
1039,13.58797772,42.53482165,34.17324359,45.14781479,45.14781479,22.16517183,1,,3,,White,3.466666667,Female,44,0.786142387,0.511931771,0.944992575,0.375,,1,1,1,,Non-Integrator,,,Non-Integrator,Non-Integrator,0,,Non-Integrator,,,Non-Integrator,Non-Integrator,2.375,0.728462173,,2,1,35.29811066
1040,39.62325309,40.12868963,35.0903629,41.70316673,41.70316673,37.73454885,1,,4,,,4.066666667,Female,41,0.410248743,0.869169993,0.379922303,0.5,,1,1,1,,Imprecise Navigator,,,Imprecise Navigator,Imprecise Navigator,0,,Imprecise Navigator,,,Imprecise Navigator,Imprecise Navigator,3.625,0.624546148,,1,1,40.0023305
1041,19.39153224,62.11087912,39.86244102,69.06351603,69.06351603,27.92107757,1,,,,Black,4.4,Female,,0.651624534,0.410061062,0.174621863,,,1,2,1,,Imprecise Navigator,,,Imprecise Navigator,Imprecise Navigator,0,,Non-Integrator,,,Non-Integrator,Non-Integrator,3.5,0.292341463,,2,1,51.4310424
1042,45.35542328,54.20532188,43.01545965,63.90320249,59.89432511,41.4575434,1,,,,Asian,4.4,Male,,0.54362813,0.890938281,0.877680413,,,1,2,1,,Imprecise Navigator,,,Imprecise Navigator,Imprecise Navigator,0,,Imprecise Navigator,,,Imprecise Navigator,Imprecise Navigator,4.13,0.884309347,,1,1,51.99284723
1043,11.89392333,46.14608742,36.42389074,49.18427388,49.18427388,22.11474308,1,,1,,White,4.133333333,Female,52,0.168624245,0.195751197,0.534365126,0.125,,1,1,1,,Non-Integrator,,,Non-Integrator,Non-Integrator,0,,Non-Integrator,,,Non-Integrator,Non-Integrator,4.5,0.365058162,,2,1,37.58304639
1044,5.312202038,23.85353992,29.50624541,22.08706945,22.08706945,15.39305344,1,,2,,White,4.133333333,Male,44,0.800585313,0.941577288,0.889111759,0.25,,2,,1,,Integrator,,,Integrator,Integrator,0,,Integrator,,,Integrator,Integrator,4.125,0.915344524,,3,3,19.21820545
1045,27.97943604,51.33227718,36.2903629,56.03287539,56.03287539,31.44232223,1,,,,White,4.8,Male,,0.213885223,0.425331847,0.323238057,,,1,2,1,,Imprecise Navigator,,,Imprecise Navigator,Imprecise Navigator,0,,Imprecise Navigator,,,Imprecise Navigator,Imprecise Navigator,1.5,0.374284952,,1,1,45.49406689
1046,45.78633669,44.72008167,65.56818331,38.20504991,38.20504991,54.02877278,1,,,,White,2.533333333,Female,,0.278763462,0.72924268,0.097592495,,,1,1,1,,Imprecise Navigator,,,Imprecise Navigator,Imprecise Navigator,0,,Imprecise Navigator,,,Imprecise Navigator,Imprecise Navigator,4.5,0.413417588,,1,2,44.98664543
1047,18.80426595,50.73996667,37.90766816,54.75005995,54.75005995,26.76401687,1,,3,,White,4.133333333,Male,46,0.529059279,0.518339997,0.124978877,0.375,,1,2,1,,Non-Integrator,,,Non-Integrator,Non-Integrator,0,,Non-Integrator,,,Non-Integrator,Non-Integrator,4.375,0.321659437,,2,1,42.75604149
1048,15.82506231,48.41425592,28.10192588,54.76185905,54.76185905,20.94042213,1,,3,,Black,5.066666667,Female,48,0.554398838,0.884334841,0.969006394,0.375,,1,2,1,,Non-Integrator,,,Non-Integrator,Non-Integrator,0,,Non-Integrator,,,Non-Integrator,Non-Integrator,3.25,0.926670618,,2,1,40.26695751
1049,14.8800065,44.25642251,26.28936702,49.87112735,49.87112735,19.63390672,1,,6,,,3.133333333,Female,45,0.361680287,0.710338943,0.172097737,0.75,,1,1,1,,Non-Integrator,,,Non-Integrator,Non-Integrator,0,,Non-Integrator,,,Non-Integrator,Non-Integrator,5.125,0.44121834,,2,1,36.91231851
1050,30.44325668,48.19305713,31.03405599,53.55524499,53.55524499,30.68942306,1,,0,,Black,3.8,Female,46,0.279210109,0.528806234,0.120691569,0,,1,2,1,,Imprecise Navigator,,,Imprecise Navigator,Imprecise Navigator,0,,Non-Integrator,,,Imprecise Navigator,Non-Integrator,3.625,0.324748902,,1,1,43.75560702
1051,35.3384428,52.32669937,42.49686559,55.39852243,55.39852243,38.32111896,1,,6,,Black,4.866666667,Female,,0.311572514,0.250372378,0.028361732,0.75,,1,2,1,,Imprecise Navigator,,,Imprecise Navigator,Imprecise Navigator,0,,Imprecise Navigator,,,Imprecise Navigator,Imprecise Navigator,4.625,0.139367055,,1,1,48.07963523
1052,7.335307069,36.05628896,27.01893388,38.88046242,38.88046242,15.53681824,1,,6,,,5.2,Female,,0.84162888,0.806981875,0.880245805,0.75,,2,,1,,Non-Integrator,,,Non-Integrator,Non-Integrator,0,,Integrator,,,Integrator,Integrator,3,0.84361384,,3,3,28.87604349
1053,11.45978245,51.13877793,41.61309837,54.1155528,54.1155528,24.02366408,1,,6,,White,2.933333333,Female,44,0.306669191,0.538978388,0.270157955,0.75,,1,2,1,,Non-Integrator,,,Non-Integrator,Non-Integrator,0,,Non-Integrator,,,Non-Integrator,Non-Integrator,3.625,0.404568172,,2,1,41.21902906
1054,20.48591783,53.49834506,48.38329059,55.09679958,55.09679958,32.10982315,1,,3,,White,4.333333333,Female,47,0.144922644,0.537722735,0.723376206,0.375,,1,2,1,,Imprecise Navigator,,,Imprecise Navigator,Imprecise Navigator,0,,Imprecise Navigator,,,Imprecise Navigator,Imprecise Navigator,3.625,0.630549471,,2,2,45.24523825
1055,15.73807411,49.08284732,37.87435889,52.58549996,52.58549996,24.9615261,1,,7,,Other,6.133333333,Male,49,0.601214442,0.580828839,0.878389429,0.875,,1,2,1,,Non-Integrator,,,Non-Integrator,Non-Integrator,0,,Non-Integrator,,,Non-Integrator,Non-Integrator,3.125,0.729609134,,2,1,40.74665402
1056,23.52043073,52.66702923,43.86818331,55.41666858,55.41666858,31.99866097,1,,6,,White,3.466666667,Female,,0.427393591,0.531853207,0.388884484,0.75,,1,2,1,,Imprecise Navigator,,,Imprecise Navigator,Imprecise Navigator,0,,Imprecise Navigator,,,Imprecise Navigator,Imprecise Navigator,2.25,0.460368846,,2,2,45.3803796
1057,56.73894582,54.84207717,47.47642262,57.14384422,57.14384422,52.87956116,1,,,,,,,,0.023789958,0.557736079,0.470850327,,,1,2,1,,Imprecise Navigator,,,Imprecise Navigator,Imprecise Navigator,0,,Imprecise Navigator,,,Imprecise Navigator,Imprecise Navigator,,0.514293203,,1,2,55.31629434
1058,7.000199402,32.1939605,30.57897105,32.6986447,32.6986447,16.82468759,1,,,,White,4.6,Female,,0.710994056,0.72734393,0.969197037,,,2,,1,,Integrator,,,Integrator,Integrator,0,,Integrator,,,Integrator,Integrator,1.75,0.848270484,,3,3,25.89552022
1059,16.44806804,28.79175651,32.61992976,27.59545236,27.59545236,23.18634376,1,,4,,White,4.666666667,Male,41,0.102189465,0.771196972,0.866311416,0.5,,2,,1,,Integrator,,,Integrator,Integrator,0,,Integrator,,,Integrator,Integrator,4,0.818754194,,3,3,25.70583439
1060,15.51436826,28.14830443,25.21912525,29.06367292,29.06367292,19.55801701,1,,4,,White,3.4,Male,54,0.768920038,0.911162933,0.714576135,0.5,,2,,1,,Integrator,,,Integrator,Integrator,0,,Integrator,,,Integrator,Integrator,5.125,0.812869534,,3,3,24.98982039
1061,3.220516974,31.01498767,28.5530612,31.7843397,31.7843397,13.77574374,1,,,,White,4.5333,Male,,0.31261923,0.497273333,0.966440487,,,2,,1,,Integrator,,,Integrator,Integrator,0,,Integrator,,,Integrator,Integrator,4.25,0.73185691,,3,3,24.06637
1062,4.702833467,19.64495824,28.94543302,16.73855987,16.73855987,14.80391661,1,,6,,White,4.533333333,Male,52,0.938457784,0.958272576,0.979682636,0.75,,2,,1,,Integrator,,,Integrator,Integrator,0,,Integrator,,,Integrator,Integrator,4,0.968977606,,3,3,15.90942704
1063,13.34979292,42.50445523,25.15831285,47.92512472,47.92512472,18.27000956,1,,,,Wh/Hisp,4.86666,Female,,0.407052598,,,,,1,1,1,,Non-Integrator,,,Non-Integrator,Non-Integrator,0,,Non-Integrator,,,Non-Integrator,Non-Integrator,3.875,,,2,1,35.21578965
1064,4.283881991,37.33783553,11.46273827,45.42380342,46.12559369,7.275072109,1,,,,White,5.06666,Male,,0.905952474,,,,,1,1,1,,Non-Integrator,,,Non-Integrator,Non-Integrator,0,,Non-Integrator,,,Non-Integrator,Non-Integrator,3.5,,,3,3,29.47537016
1065,22.86728651,45.07398791,31.14012352,49.42832053,49.42832053,26.31430193,1,,,,White,2.9333,Male,,0.177950086,0.856222062,0.26839116,,,1,1,1,,Non-Integrator,,,Non-Integrator,Non-Integrator,0,,Non-Integrator,,,Non-Integrator,Non-Integrator,4.25,0.562306611,,2,1,39.52231256
1066,8.16247045,29.33181089,9.474259735,35.53729562,35.53729562,8.709049318,1,,8,,White,4.666666667,Female,41,0.721412872,0.671345586,0.895808516,1,,2,,1,,Integrator,,,Integrator,Integrator,0,,Integrator,,,Integrator,Integrator,4.5,0.783577051,,3,3,24.03947578
1067,30.59312688,51.30633554,40.35372373,54.72902674,54.73,34.66004224,1,,,,,3.53333,Female,,0.46363967,0.830895298,0.359912062,,,1,2,1,,Imprecise Navigator,,,Imprecise Navigator,Imprecise Navigator,0,,Imprecise Navigator,,,Imprecise Navigator,Imprecise Navigator,3.125,0.59540368,,1,1,46.12858953
1068,18.81914888,56.34576685,32.66196304,63.74695555,63.75,24.58698812,1,,,,Black,3.86666,Male,,0.684395177,0.702651604,0.075345643,,,1,2,1,,Non-Integrator,,,Non-Integrator,Non-Integrator,0,,Non-Integrator,,,Non-Integrator,Non-Integrator,3.25,0.388998624,,2,1,46.96585205
1069,12.88898096,34.51159662,18.71893388,39.44680372,39.45,15.31812801,1,,,,Omitted,5.8,Male,,0.592426591,0.7322593,0.955561396,,,2,,1,,Non-Integrator,,,Non-Integrator,Non-Integrator,0,,Integrator,,,Integrator,Integrator,2.25,0.843910348,,3,3,29.10776915
1070,6.682361263,44.9080053,31.53032573,49.08853017,49.09,17.03567979,1,,,,Hispanic,5.6,Male,,0.025104732,0.731621485,0.875450739,,,1,1,1,,Non-Integrator,,,Non-Integrator,Non-Integrator,0,,Non-Integrator,,,Non-Integrator,Non-Integrator,4.625,0.803536112,,2,1,35.3524342
1071,8.33421206,40.60602246,17.35127445,47.87313122,47.87,12.09132139,1,,,,Asian,4.933333,Female,,0.826977146,0.977464646,0.232651146,,,1,1,1,,Non-Integrator,,,Non-Integrator,Non-Integrator,0,,Non-Integrator,,,Non-Integrator,Non-Integrator,4.75,0.605057896,,2,3,32.5362806
1072,34.49522224,46.45491461,49.11309837,45.62423219,45.62,40.58600396,1,,,,Black,4.733333,Female,,0.255259295,0.437774585,0.560630583,,,1,1,1,,Imprecise Navigator,,,Imprecise Navigator,Imprecise Navigator,0,,Imprecise Navigator,,,Imprecise Navigator,Imprecise Navigator,3.25,0.499202584,,1,2,43.46257313
1073,29.31550361,60.75341685,46.2530612,65.28477799,65.28,36.37281928,1,,5,,White,4.133333333,Female,49,0.307161237,0.178741808,0.164648233,0.625,,1,2,1,,Imprecise Navigator,,,Imprecise Navigator,Imprecise Navigator,0,,Imprecise Navigator,,,Imprecise Navigator,Imprecise Navigator,3.5,0.171695021,,1,2,52.89120826
1074,20.18054025,49.37560951,46.35372373,50.31994882,50.32,31.08603337,1,,,,White,4.93333,Male,,0.194605709,0.863384083,0.09943469,,,1,1,1,,Imprecise Navigator,,,Imprecise Navigator,Imprecise Navigator,0,,Non-Integrator,,,Imprecise Navigator,Non-Integrator,5,0.481409387,,2,2,42.07687144
1075,33.64100361,38.3793441,38.3530612,38.38755751,38.39,35.60436094,1,,,,White,1.933333,Male,,0.311039649,0.860595379,0.758112613,,,1,1,1,,Imprecise Navigator,,,Imprecise Navigator,Imprecise Navigator,0,,Imprecise Navigator,,,Imprecise Navigator,Imprecise Navigator,5.625,0.809353996,,1,1,37.19615469
1076,6.201984637,22.57559521,39.43149274,17.30812723,17.31,20.04761301,1,,,,White,5.33333,Male,,0.808177413,0.789534431,0.871785382,,,2,,1,,Integrator,,,Integrator,Integrator,0,,Integrator,,,Integrator,Integrator,3.5,0.830659907,,3,3,18.48326272
1077,16.94550048,47.57752492,59.09609036,43.97797322,43.98,34.50824627,1,,,,Wh/Hisp,1.66666,Female,,0.082356994,0.418840833,0.940319932,,,1,1,1,,Imprecise Navigator,,,Imprecise Navigator,Imprecise Navigator,0,,Imprecise Navigator,,,Imprecise Navigator,Imprecise Navigator,3,0.679580383,,2,2,39.92067697
1078,5.446734363,15.59569494,10.17015897,17.29117492,17.29,7.414827951,1,,7,,Black/Wh,5.133333333,Female,45,0.924937172,0.911237061,0.943915269,0.875,,2,,1,,Integrator,,,Integrator,Integrator,0,,Integrator,,,Integrator,Integrator,3.25,0.927576165,,3,3,13.05778341
1079,29.26701287,51.93537594,38.28329059,56.20165262,56.2,33.02379526,1,,,,Other,3.4,Female,,0.180335153,0.143743655,0.810639536,,,1,2,1,,Imprecise Navigator,,,Imprecise Navigator,Imprecise Navigator,0,,Imprecise Navigator,,,Imprecise Navigator,Imprecise Navigator,5.875,0.477191596,,1,1,46.26734083
1080,29.63320603,46.25932036,28.0530612,51.94877635,51.95,28.97481235,1,,,,White,2.9333,Female,,0.176538472,0.238640746,0.698168013,,,1,2,1,,Imprecise Navigator,,,Imprecise Navigator,Imprecise Navigator,0,,Non-Integrator,,,Non-Integrator,Non-Integrator,5.5,0.468404379,,1,1,42.10349101
1101,,,,,,,1,,7,,White,4.533333333,Female,44,0.766995775,0.592037744,0.684708468,0.875,,,,1,,,,,,,0,,,,,,,3.75,0.638373106,,,,
1102,31.76243761,40.14040076,24.83405599,44.9236335,44.9236335,28.87561193,1,,7,,Black,4.4,Female,51,0.32218722,0.724983656,0.304543727,0.875,,1,1,1,,Non-Integrator,,,Non-Integrator,Non-Integrator,0,,Non-Integrator,,,Non-Integrator,Non-Integrator,3.625,0.514763692,,1,1,38.04590997
1103,38.22611151,48.12922846,31.98681859,53.17373154,53.17373154,35.62640613,1,,3,,White,3.866666667,Female,50,0.401944019,0.51098972,0.342251669,0.375,,1,2,1,,Imprecise Navigator,,,Imprecise Navigator,Imprecise Navigator,0,,Imprecise Navigator,,,Imprecise Navigator,Imprecise Navigator,4,0.426620694,,1,1,45.65344922
1104,7.210666457,49.66838256,31.97897105,55.19632366,55.19632366,17.53079337,1,,8,,White,3.8,Male,50,0.486912138,0.781362909,0.896071233,1,,1,2,1,,Non-Integrator,,,Non-Integrator,Non-Integrator,0,,Non-Integrator,,,Non-Integrator,Non-Integrator,3.75,0.838717071,,2,1,39.05395354
1105,8.366463859,19.70559822,14.06273827,21.46899195,21.46899195,10.73991153,1,,8,,Hisp,4.4,Male,48,0.882670121,0.975700711,0.971465313,1,,2,,1,,Integrator,,,Integrator,Integrator,0,,Integrator,,,Integrator,Integrator,4.875,0.973583012,,3,3,16.87081463
1106,9.690422156,55.67368617,56.93605319,55.27919647,55.27919647,29.37610175,1,,8,,Bl/Hisp,4.466666667,Female,46,0.148406619,0.745599208,0.660960969,1,,1,2,1,,Imprecise Navigator,,,Imprecise Navigator,Imprecise Navigator,0,,Non-Integrator,,,Non-Integrator,Non-Integrator,4.625,0.703280089,,2,2,44.17787016
1107,7.875846449,58.56368233,43.51320642,63.26695605,63.26695605,22.72474644,1,,6,,White,2.8,Female,47,0.002504729,0.587719085,0.867908504,0.75,,1,2,1,,Non-Integrator,,,Non-Integrator,Non-Integrator,0,,Non-Integrator,,,Non-Integrator,Non-Integrator,5.875,0.727813795,,2,1,45.89172336
1108,5.926717892,28.66698964,19.01320642,31.6837969,31.6837969,11.37942145,1,,8,,White,5.133333333,Female,51,0.735628183,0.831984869,0.899020568,1,,2,,1,,Integrator,,,Integrator,Integrator,0,,Integrator,,,Integrator,Integrator,2.125,0.865502718,,3,3,22.98192171
1109,17.55772978,41.61036422,14.48633389,50.0866237,50.0866237,16.27798149,1,,8,,White,4.533333333,Male,52,0.393789786,0.681571098,0.952004649,1,,1,1,1,,Non-Integrator,,,Non-Integrator,Non-Integrator,0,,Non-Integrator,,,Non-Integrator,Non-Integrator,4,0.816787874,,2,3,35.59720561
1110,9.188571239,53.96535826,36.7530612,59.34420109,59.34420109,20.67377539,1,,8,,Black,5.2,Female,48,0.149074416,0.724078588,0.367234211,1,,1,2,1,,Non-Integrator,,,Non-Integrator,Non-Integrator,0,,Non-Integrator,,,Non-Integrator,Non-Integrator,3.375,0.5456564,,2,1,42.7711615
1111,5.47007517,22.85060127,21.33149274,23.32532268,23.32532268,12.07899916,1,,8,,White,3.533333333,Male,51,0.817963372,0.873734323,0.787320594,1,,2,,1,,Integrator,,,Integrator,Integrator,0,,Integrator,,,Integrator,Integrator,4.125,0.830527459,,3,3,18.50546974
1112,47.92823455,60.78808805,45.01638545,65.71674511,65.71674511,46.71496409,1,,6,,,,,51,0.013531162,0.187217788,0.318669576,0.75,,1,2,1,,Imprecise Navigator,,,Imprecise Navigator,Imprecise Navigator,0,,Imprecise Navigator,,,Imprecise Navigator,Imprecise Navigator,,0.252943682,,1,2,57.57312467
1113,35.22093998,49.12692869,35.47401882,53.39346302,53.39346302,35.32638949,1,,,,White,2.6,Female,,,,,,,1,2,1,,Imprecise Navigator,,,Imprecise Navigator,Imprecise Navigator,0,,Imprecise Navigator,,,Imprecise Navigator,Imprecise Navigator,5,,,1,1,45.65043151
1114,23.18016323,43.39070328,36.47401882,45.55216718,45.55216718,28.71926973,1,,8,,Black,4.2,Female,45,0.027811948,0.805323569,0.770481756,1,,1,1,1,,Non-Integrator,,,Non-Integrator,Non-Integrator,0,,Non-Integrator,,,Non-Integrator,Non-Integrator,4.5,0.787902663,,2,1,38.33806827
1115,9.502011301,41.16890001,24.37974628,46.41551055,46.41551055,15.70106754,1,,5,,White,5.2,Female,46,0.082182057,0.686754817,0.82351831,0.625,,1,1,1,,Non-Integrator,,,Non-Integrator,Non-Integrator,0,,Non-Integrator,,,Non-Integrator,Non-Integrator,4.125,0.755136564,,2,1,33.25217783
1116,29.76628634,57.21817291,58.1530612,56.92602031,56.92602031,41.5941092,1,,7,,White,4.133333333,Female,51,0.568448963,0.310495573,0.939581083,0.875,,1,2,1,,Imprecise Navigator,,,Imprecise Navigator,Imprecise Navigator,0,,Imprecise Navigator,,,Imprecise Navigator,Imprecise Navigator,3.875,0.625038328,,1,2,50.35520126
1117,11.9054128,20.81682489,21.98363956,20.4521953,20.4521953,16.10467395,1,,6,,White,5.733333333,Male,49,0.094788289,0.780674729,0.944005405,0.75,,2,,1,,Integrator,,,Integrator,Integrator,0,,Integrator,,,Integrator,Integrator,2.75,0.862340067,,3,3,18.58897186
1118,9.873692003,28.57205822,32.12576528,27.46152477,27.46152477,19.1453892,1,,7,,White,3.666666667,Male,52,0.881055223,0.895667889,0.890377209,0.875,,2,,1,,Integrator,,,Integrator,Integrator,0,,Integrator,,,Integrator,Integrator,4.5,0.893022549,,3,3,23.89746667
1119,37.76558264,52.20038126,43.67867843,54.8634134,54.8634134,40.22937255,1,,3,,Black,5.066666667,Female,35,0.393287035,0.420701565,0.586158769,0.375,,1,2,1,,Imprecise Navigator,,,Imprecise Navigator,Imprecise Navigator,0,,Imprecise Navigator,,,Imprecise Navigator,Imprecise Navigator,1.875,0.503430167,,1,2,48.59168161
1120,36.96093383,41.10693931,42.89152991,40.54925474,40.54925474,39.43201553,1,,5,,Black,5.466666667,Female,45,0.734442652,0.783078938,0.261727963,0.625,,1,1,1,,Imprecise Navigator,,,Imprecise Navigator,Imprecise Navigator,0,,Imprecise Navigator,,,Imprecise Navigator,Imprecise Navigator,4.75,0.52240345,,1,1,40.07043794
1121,5.76251674,52.53734038,25.81893388,60.88684241,60.88684241,14.11935722,1,,8,,White,5.2,Male,46,0.251981213,0.792842793,0.844313294,1,,1,2,1,,Non-Integrator,,,Non-Integrator,Non-Integrator,0,,Non-Integrator,,,Non-Integrator,Non-Integrator,2.875,0.818578044,,2,1,40.84363447
1122,12.37662776,32.33995399,31.22576528,32.68813796,32.68813796,20.23043506,1,,7,,White,5.4,Female,44,0.237621663,0.900997263,0.024548506,0.875,,2,,1,,Integrator,,,Integrator,Integrator,0,,Integrator,,,Integrator,Integrator,4.375,0.462772885,,3,3,27.34912243
1123,15.68960129,43.80823606,26.17897105,49.31738138,49.31738138,20.06017202,1,,,,White,3.466666667,Female,,0.525829939,0.440301747,0.397882107,,,1,1,1,,Non-Integrator,,,Non-Integrator,Non-Integrator,0,,Non-Integrator,,,Non-Integrator,Non-Integrator,3.125,0.419091927,,2,1,36.77857737
1124,34.64111252,60.09524274,47.77780405,63.94444233,63.94444233,40.11473399,1,,5,,Omitted,4.666666667,Female,40,0.146397172,0.648067814,0.586860563,0.625,,1,2,1,,Imprecise Navigator,,,Imprecise Navigator,Imprecise Navigator,0,,Imprecise Navigator,,,Imprecise Navigator,Imprecise Navigator,4.75,0.617464189,,1,2,53.73171018
1125,18.25635063,38.66001046,28.20547019,41.92705429,41.92705429,22.40181711,1,,7,,,,Male,44,0.511718444,0.834066419,0.857612186,0.875,,1,1,1,,Non-Integrator,,,Non-Integrator,Non-Integrator,0,,Non-Integrator,,,Non-Integrator,Non-Integrator,,0.845839303,,2,1,33.5590955
1126,43.61221235,52.79281289,45.61320642,55.03643991,55.03643991,44.44595988,1,,5,,White,2.133333333,Female,46,0.59358223,0.224532746,0.523353327,0.625,,1,2,1,,Imprecise Navigator,,,Imprecise Navigator,Imprecise Navigator,0,,Imprecise Navigator,,,Imprecise Navigator,Imprecise Navigator,4.375,0.373943037,,1,2,50.49766275
1127,19.10983062,45.24439221,34.81893388,48.50234793,48.50234793,25.65529031,1,,5,,Asian,3.066666667,Female,49,0.409250839,0.490719431,0.24541257,0.625,,1,1,1,,Non-Integrator,,,Non-Integrator,Non-Integrator,0,,Non-Integrator,,,Non-Integrator,Non-Integrator,5.75,0.368066001,,2,1,38.71075181
1128,3.899185516,31.14024976,8.662738273,38.1644721,38.1644721,5.883999165,1,,7,,White,6,Female,49,0.878916976,0.970839198,0.941767392,0.875,,2,,1,,Integrator,,,Integrator,Integrator,0,,Integrator,,,Integrator,Integrator,3.25,0.956303295,,3,3,24.3299837
1129,28.6147991,38.87749746,19.07324359,45.0663268,45.0663268,24.63915097,1,,3,,White,5.266666667,Male,43,0.486624176,0.295904954,0.110268517,0.375,,1,1,1,,Non-Integrator,,,Non-Integrator,Non-Integrator,0,,Non-Integrator,,,Non-Integrator,Non-Integrator,3.25,0.203086736,,1,3,36.31182287
1130,7.39390413,30.51081844,30.2530612,30.59136758,30.59136758,16.91855291,1,,8,,Black,5.733333333,Male,44,0.440209423,0.752208447,0.970838656,1,,2,,1,,Integrator,,,Integrator,Integrator,0,,Integrator,,,Integrator,Integrator,2.875,0.861523551,,3,3,24.73158986
1131,57.01546327,53.77247983,27.17324359,62.08474116,62.08474116,44.58120507,1,,,,White,3.6,Male,,0.224313202,0.669911971,0.154731827,,,1,2,1,,Imprecise Navigator,,,Imprecise Navigator,Imprecise Navigator,0,,Imprecise Navigator,,,Imprecise Navigator,Imprecise Navigator,3.75,0.412321899,,1,1,54.58322569
1132,4.335709254,41.6401468,42.86196304,41.25832922,41.25832922,20.388315,1,,7,,Asian,5.666666667,Male,48,0.564767686,0.546916249,0.669478507,0.875,,1,1,1,,Non-Integrator,,,Non-Integrator,Non-Integrator,0,,Non-Integrator,,,Non-Integrator,Non-Integrator,2.875,0.608197378,,2,1,32.31403741
1133,4.060429449,49.07189407,32.23149274,54.33451949,54.33451949,15.79837249,1,,6,,Asian,2.8,Male,54,0.489721118,0.888109934,0.788215108,0.75,,1,2,1,,Non-Integrator,,,Non-Integrator,Non-Integrator,0,,Non-Integrator,,,Non-Integrator,Non-Integrator,5,0.838162521,,2,1,37.81902792
1134,40.24459777,56.14016342,81.25690276,48.29118238,48.29118238,57.33305818,1,,3,,White,5,Female,45,0.158989504,0.207451362,0.047820509,0.375,,1,1,1,,Imprecise Navigator,,,Imprecise Navigator,Imprecise Navigator,0,,Imprecise Navigator,,,Imprecise Navigator,Imprecise Navigator,4.5,0.127635936,,1,2,52.16627201
1135,14.64973051,36.27044737,34.03192502,36.96998561,36.96998561,22.72564489,1,,7,,Other,5.2,Female,45,0.601300694,0.694759532,0.816179969,0.875,,2,,1,,Non-Integrator,,,Non-Integrator,Non-Integrator,0,,Integrator,,,Integrator,Integrator,4.875,0.755469751,,2,3,30.86526816
1136,48.01785765,40.62219017,25.2342969,45.43090681,45.43090681,38.52470734,1,,4,,Hispanic,2.533333333,Female,49,0.631307315,0.173008151,0.275274607,0.5,,1,1,1,,Imprecise Navigator,,,Imprecise Navigator,Imprecise Navigator,0,,Imprecise Navigator,,,Imprecise Navigator,Imprecise Navigator,4.625,0.224141379,,1,1,42.47110704
1137,17.30077577,52.06670013,27.51893388,59.73787708,59.73787708,21.55834165,1,,7,,Other,4.4,Female,48,0.410108107,0.452350334,0.897349531,0.875,,1,2,1,,Non-Integrator,,,Non-Integrator,Non-Integrator,0,,Non-Integrator,,,Non-Integrator,Non-Integrator,3.25,0.674849933,,2,1,43.37521904
1138,11.85331323,40.38501991,36.09619841,41.72527662,41.72527662,21.95451539,1,,,,Asian,3.333333333,Male,,0.290372616,0.137833297,0.914305918,,,1,1,1,,Non-Integrator,,,Non-Integrator,Non-Integrator,0,,Non-Integrator,,,Non-Integrator,Non-Integrator,5.125,0.526069608,,2,1,33.25209324
1139,18.69043513,46.01951933,35.5138736,49.30253362,49.30253362,25.70020116,1,,4,,White,4.133333333,Male,54,0.361750451,0.832193287,0.968673199,0.5,,1,1,1,,Non-Integrator,,,Non-Integrator,Non-Integrator,0,,Non-Integrator,,,Non-Integrator,Non-Integrator,4.25,0.900433243,,2,1,39.18724828
1140,14.78332891,38.23280409,23.33149274,42.88946389,42.88946389,18.34506384,1,,,,White,5.6,Male,,0.283119471,0.824759737,0.213635202,,,1,1,1,,Non-Integrator,,,Non-Integrator,Non-Integrator,0,,Non-Integrator,,,Non-Integrator,Non-Integrator,3,0.51919747,,2,3,32.3704353
1141,3.739451498,55.66783628,33.17897105,62.69560666,62.69560666,16.00591798,1,,6,,Other,2.933333333,Male,47,0.436882307,0.647297429,0.907912171,0.75,,1,2,1,,Non-Integrator,,,Non-Integrator,Non-Integrator,0,,Non-Integrator,,,Non-Integrator,Non-Integrator,3.625,0.7776048,,2,1,42.68574008
1142,20.52516578,42.55960668,11.97974628,52.11581305,52.11581305,16.96457432,1,,4,,Asian,4.133333333,Male,47,0.413136662,0.81064134,0.845752191,0.5,,1,1,1,,Non-Integrator,,,Non-Integrator,Non-Integrator,0,,Non-Integrator,,,Non-Integrator,Non-Integrator,2.625,0.828196766,,2,3,37.05099645
1143,6.088392396,39.96287076,10.14079959,49.282268,49.282268,7.776895395,1,,6,,White,5.133333333,Female,54,0.682842275,0.756318118,0.909045118,0.75,,1,1,1,,Non-Integrator,,,Non-Integrator,Non-Integrator,0,,Non-Integrator,,,Non-Integrator,Non-Integrator,5.125,0.832681618,,2,3,31.49425117
1144,12.98152573,25.28595579,12.73151892,29.20921732,29.20921732,12.87735623,1,,8,,White,3.8,Male,45,0.820677721,0.856107468,0.972579299,1,,2,,1,,Integrator,,,Integrator,Integrator,0,,Integrator,,,Integrator,Integrator,4.125,0.914343384,,3,3,22.20984828
1145,2.273036191,44.01457817,24.92349434,49.98054186,49.98054186,11.71072709,1,,8,,Asian,4.866666667,Male,52,0.909316877,0.863224744,0.919681086,1,,1,1,1,,Non-Integrator,,,Non-Integrator,Non-Integrator,0,,Non-Integrator,,,Non-Integrator,Non-Integrator,1.875,0.891452915,,2,1,33.57919267
1146,3.238503102,33.95941213,41.18353151,31.70187482,31.70187482,19.0489316,1,,8,,White,1.8,Female,50,0.16577828,0.795365363,0.931024339,1,,2,,1,,Integrator,,,Integrator,Integrator,0,,Integrator,,,Integrator,Integrator,5,0.863194851,,3,3,26.27918487
1147,3.637902939,16.74347256,10.94484916,18.55554237,18.55554237,6.682463863,1,,8,,White,3.6,Male,52,0.842241673,0.665216966,0.91168644,1,,2,,1,,Integrator,,,Integrator,Integrator,0,,Integrator,,,Integrator,Integrator,4.875,0.788451703,,3,3,13.46708015
1148,24.7425833,49.64220759,30.37780405,55.6623337,55.6623337,27.09059194,1,,2,,White,4.933333333,Male,43,0.229608893,0.264035161,0.419261006,0.25,,1,2,1,,Non-Integrator,,,Non-Integrator,Non-Integrator,0,,Non-Integrator,,,Non-Integrator,Non-Integrator,4.25,0.341648084,,2,1,43.41730152
1149,5.312031847,47.70595383,33.31893388,52.20189756,52.20189756,16.98157436,1,,,,Wh/Hisp,3.933333333,Female,,0.268546402,0.538508426,0.393022466,,,1,1,1,,Non-Integrator,,,Non-Integrator,Non-Integrator,0,,Non-Integrator,,,Non-Integrator,Non-Integrator,4.625,0.465765446,,2,1,37.10747333
1150,33.48383713,50.03626596,37.76818331,53.87004179,53.87004179,35.26898137,1,,7,,White,4.466666667,Female,42,0.109633101,0.038434327,0.415181244,0.875,,1,2,1,,Imprecise Navigator,,,Imprecise Navigator,Imprecise Navigator,0,,Imprecise Navigator,,,Imprecise Navigator,Imprecise Navigator,4.75,0.226807786,,1,1,45.89815875
1151,14.10946344,35.27075284,13.96198923,41.92974147,41.92974147,14.04801585,1,,4,,Asian,3.533333333,Female,51,0.373322079,0.734084351,0.442854344,0.5,,2,,1,,Non-Integrator,,,Non-Integrator,Non-Integrator,0,,Non-Integrator,,,Non-Integrator,Non-Integrator,4.5,0.588469348,,3,3,29.98043049
2001,13.12579061,34.6080978,23.18363956,38.178241,38.178241,17.31656101,2,,8,1,White,5,Female,51,0.663347028,0.709568889,0.956622465,1,,2,,1,,,Integrator,,Non-Integrator,Integrator,1,,,Integrator,,Integrator,Integrator,3.375,0.833095677,,3,3,29.237521
2002,21.54753363,58.36920794,22.45017942,69.59390435,69.59390435,21.92363604,2,,7,,Black,4.066666667,Female,41,0.56324389,0.035124491,0.72863753,0.875,,1,2,1,,,Non-Integrator,,Non-Integrator,Non-Integrator,0,,,Non-Integrator,,Non-Integrator,Non-Integrator,4.875,0.381881011,,2,1,49.16378936
2003,27.48090986,52.59749817,47.4951093,54.19199469,54.19199469,35.82015963,2,,5,,White,4.466666667,Male,39,0.098029714,0.723537907,0.493367665,0.625,,1,2,1,,,Imprecise Navigator,,Imprecise Navigator,Imprecise Navigator,0,,,Imprecise Navigator,,Imprecise Navigator,Imprecise Navigator,5.5,0.608452786,,1,2,46.31835109
2004,30.4436145,43.59521673,35.00083676,46.28096046,46.28096046,32.34245711,2,,6,,White,4.533333333,Female,41,0.298838639,0.44688504,0.452121511,0.75,8,1,1,1,,,Imprecise Navigator,,Imprecise Navigator,Imprecise Navigator,0,,,Imprecise Navigator,,Imprecise Navigator,Imprecise Navigator,4.125,0.449503276,,1,1,40.30731617
2005,26.89392333,38.70736301,29.26818331,41.65710667,41.65710667,27.88319832,2,,7,1,White,4.533333333,Female,39,0.531357841,0.62166015,0.958527503,0.875,30,1,1,1,,,Imprecise Navigator,,Non-Integrator,Imprecise Navigator,1,,,Imprecise Navigator,,Non-Integrator,Imprecise Navigator,2.625,0.790093826,,2,1,35.75400309
2007,14.49541659,20.03896902,9.964962951,23.18709592,23.18709592,12.60772758,2,,8,,White,5.266666667,Male,53,0.837042291,0.517805015,0.43527121,1,50,2,,1,,,Integrator,,Integrator,Integrator,0,,,Integrator,,Integrator,Integrator,2.25,0.476538113,,3,3,18.65308092
2009,12.82545655,45.55055056,39.74733374,47.36405582,47.36405582,24.04290538,2,,3,,Black,4.866666667,Female,43,0.472341881,0.942055277,0.857856268,0.375,42,1,1,1,,,Non-Integrator,,Non-Integrator,Non-Integrator,0,,,Non-Integrator,,Non-Integrator,Non-Integrator,2.5,0.899955773,,2,1,37.36927706
2010,8.833667242,30.94905201,24.47401882,32.97249988,32.97249988,15.3504804,2,,8,,Black,6.2,Female,48,0.873039991,0.963023272,0.922825972,1,34,2,,1,,,Integrator,,Integrator,Integrator,0,,,Integrator,,Integrator,Integrator,2.375,0.942924622,,3,3,25.42020582
2011,27.72571051,53.19870066,29.62930959,60.56413537,60.56413537,28.51887679,2,,8,,Black,3.4,Female,44,0.123350502,0.548085986,0.562056299,1,,1,2,1,,,Imprecise Navigator,,Imprecise Navigator,Imprecise Navigator,0,,,Imprecise Navigator,,Non-Integrator,Imprecise Navigator,3.625,0.555071143,,1,1,46.83045312
2012,10.72934798,30.38440726,21.8692986,33.04537871,33.04537871,15.37099407,2,,5,,Black,4.066666667,Male,47,0.489499224,0.924412326,0.851212904,0.625,28,2,,1,,,Integrator,,Integrator,Integrator,0,,,Integrator,,Integrator,Integrator,3.5,0.887812615,,3,3,25.47064244
2013,29.3321938,46.61812642,52.1271467,44.89655758,44.89655758,38.83009084,2,,6,,Black,3.733333333,Female,43,0.090486547,0.448927291,0.140182458,0.75,14,1,1,1,,,Imprecise Navigator,,Imprecise Navigator,Imprecise Navigator,0,,,Imprecise Navigator,,Imprecise Navigator,Imprecise Navigator,2.625,0.294554875,,1,2,42.29664326
2014,10.06758148,37.35746284,30.81893388,39.40075315,39.40075315,18.71397832,2,,7,,White,3.666666667,Female,45,0.407055345,0.78680725,0.712180379,0.875,76,2,,1,,,Non-Integrator,,Non-Integrator,Non-Integrator,0,,,Integrator,,Integrator,Integrator,5.75,0.749493815,,2,3,30.53499251
2015,3.273036191,36.08175171,12.66581142,43.39923305,43.39923305,7.186692538,2,,6,1,White,6,Female,52,0.858454187,0.664910925,0.517449559,0.75,30,2,,1,,,Integrator,,Non-Integrator,Integrator,1,,,Non-Integrator,,Non-Integrator,Non-Integrator,2.75,0.591180242,,3,3,27.87957283
2016,5.723229699,44.38658658,18.27897105,52.54521643,52.54521643,10.9547886,2,,8,,White,4.2,Male,50,0.019181143,0.846566623,0.26987389,1,42,1,2,1,,,Non-Integrator,,Non-Integrator,Non-Integrator,0,,,Non-Integrator,,Non-Integrator,Non-Integrator,5.5,0.558220257,,2,1,34.72074736
2017,3.072309002,37.92580549,15.27401882,45.00448883,45.00448883,8.156354759,2,,8,,White,5,Male,52,0.545173167,0.948954784,0.919235935,1,,2,,1,,,Non-Integrator,,Non-Integrator,Non-Integrator,0,,,Non-Integrator,,Non-Integrator,Non-Integrator,3.25,0.93409536,,3,3,29.21243137
2018,29.06650023,53.90112698,31.32349434,60.95663718,60.95663718,30.00691444,2,,6,,Asian,5.2,Female,40,0.164272358,0.807930573,0.165779921,0.75,6,1,2,1,,,Imprecise Navigator,,Imprecise Navigator,Imprecise Navigator,0,,,Imprecise Navigator,,Imprecise Navigator,Imprecise Navigator,5.375,0.486855247,,1,1,47.69247029
2019,38.49638074,57.50326388,40.04661484,62.9584667,62.9584667,39.14231162,2,,6,,Black,4.2,Female,41,0.623335464,0.360582628,0.800140196,0.75,40,1,2,1,,,Imprecise Navigator,,Imprecise Navigator,Imprecise Navigator,0,,,Imprecise Navigator,,Imprecise Navigator,Imprecise Navigator,3,0.580361412,,1,1,52.75154309
2021,6.005686442,33.28956114,30.81421367,34.06310722,34.06310722,16.34257279,2,,8,,White,4.6,Male,48,0.147963361,0.640483738,0.082850592,1,4,2,,1,,,Integrator,,Integrator,Integrator,0,,,Integrator,,Integrator,Integrator,2.625,0.361667165,,3,3,26.46859246
2022,24.63827374,46.46278282,47.53503705,46.12770337,46.12770337,34.17859178,2,,7,,White,2.466666667,Male,53,0.486415575,0.541963856,0.861127933,0.875,46,1,1,1,,,Imprecise Navigator,,Imprecise Navigator,Imprecise Navigator,0,,,Imprecise Navigator,,Imprecise Navigator,Imprecise Navigator,2.25,0.701545894,,2,2,41.00665555
2023,6.186387462,57.32169051,29.61893388,65.97880196,65.97880196,15.94994847,2,,8,,White,3.666666667,Female,49,0.312930195,0.778125231,0.803970196,1,72,1,2,1,,,Non-Integrator,,Non-Integrator,Non-Integrator,0,,,Non-Integrator,,Non-Integrator,Non-Integrator,3.5,0.791047714,,2,1,44.53786475
2024,29.81398074,56.97908436,47.75701081,59.86098235,59.86098235,37.29024327,2,,8,,White,4.2,Female,42,0.482615262,0.484160291,0.739762879,1,18,1,2,1,,,Imprecise Navigator,,Imprecise Navigator,Imprecise Navigator,0,,,Imprecise Navigator,,Imprecise Navigator,Imprecise Navigator,5.25,0.611961585,,1,2,50.18780846
2025,7.020466677,11.16249317,8.253250122,12.07163162,12.07163162,7.534126446,2,,6,,White/Hi,5.4,Male,46,0.788171606,0.419402225,0.559417979,0.75,34,2,,1,,,Integrator,,Integrator,Integrator,0,,,Integrator,,Integrator,Integrator,2.875,0.489410102,,3,3,10.12698655
2026,7.490519381,26.10178014,23.11893388,27.0339196,27.0339196,14.00235876,2,,8,,White Hi,5.333333333,Male,50,0.915765939,0.754716933,0.690280501,1,6,2,,1,,,Integrator,,Integrator,Integrator,0,,,Integrator,,Integrator,Integrator,2.25,0.722498717,,3,3,21.44896495
2027,32.07770582,56.22699997,28.01893388,65.04202062,65.04202062,30.38655084,2,,6,,White,2.4,Female,51,0.221717159,0.941832611,0.877814428,0.75,30,1,2,1,,,Imprecise Navigator,,Imprecise Navigator,Imprecise Navigator,0,,,Imprecise Navigator,,Imprecise Navigator,Imprecise Navigator,4.75,0.90982352,,1,1,50.18967643
2028,10.75850926,39.25320986,29.80624541,42.20538625,42.20538625,18.69506599,2,,7,,White,3.8,Male,46,0.579814056,0.811669531,0.961661223,0.875,28,1,1,1,,,Non-Integrator,,Non-Integrator,Non-Integrator,0,,,Non-Integrator,,Non-Integrator,Non-Integrator,3.5,0.886665377,,2,1,32.12953471
2029,15.80317229,41.7748058,31.32467616,45.04047131,45.04047131,22.27046557,2,,7,,Asian,4,Female,45,0.535614777,0.798759998,0.453316008,0.875,8,1,1,1,,,Non-Integrator,,Non-Integrator,Non-Integrator,0,,,Non-Integrator,,Non-Integrator,Non-Integrator,2.625,0.626038003,,2,1,35.28189742
2030,5.071992013,26.91359252,23.01893388,28.13067335,28.13067335,12.54988446,2,,6,,White,3.866666667,Male,52,0.838166688,0.391465766,0.995783964,0.75,38,2,,1,,,Integrator,,Integrator,Integrator,0,,,Integrator,,Integrator,Integrator,4.375,0.693624865,,3,3,21.4531924
2031,18.95118304,31.19476716,26.61893388,32.62471506,32.62471506,22.14607922,2,,6,,Black,4.666666667,Female,44,0.668704497,0.930403062,0.217813976,0.75,36,2,,1,,,Integrator,,Integrator,Integrator,0,,,Integrator,,Integrator,Integrator,4.875,0.574108519,,3,3,28.13387113
2032,10.13385567,32.98138852,32.74445196,33.0554312,33.0554312,19.55493745,2,,8,,White,4.333333333,Male,51,0.105552861,0.83290741,0.842554828,1,66,2,,1,,,Integrator,,Integrator,Integrator,0,,,Integrator,,Integrator,Integrator,3,0.837731119,,3,3,27.26950531
2033,47.38602757,48.45968962,37.99152991,51.73098953,51.73098953,43.47165355,2,,3,,White,2.866666667,Male,51,0.227041368,0.474579245,0.383460486,0.375,30,1,2,1,,,Imprecise Navigator,,Imprecise Navigator,Imprecise Navigator,0,,,Imprecise Navigator,,Imprecise Navigator,Imprecise Navigator,5.125,0.429019866,,1,1,48.19127411
2034,13.62464577,52.42808193,14.11309837,64.40151429,64.40151429,13.82816769,2,,8,,White,2.933333333,Male,51,0.486514167,0.678695679,0.55826362,1,46,1,2,1,,,Non-Integrator,,Non-Integrator,Non-Integrator,0,,,Non-Integrator,,Non-Integrator,Non-Integrator,3.875,0.61847965,,2,1,42.72722289
2035,3.13554443,10.37270252,7.892546051,11.14775142,11.14775142,5.117628439,2,,8,,White,5.666666667,Female,49,0.86856736,0.532971806,0.056682408,1,46,2,,1,,,Integrator,,Integrator,Integrator,0,,,Integrator,,Integrator,Integrator,2,0.294827107,,3,3,8.563413
2036,14.80992214,48.14751743,26.09974273,55.03744703,55.03744703,19.51401405,2,,6,,BlackHis,3.8,Male,45,0.030528756,0.654877454,0.595337504,0.75,20,1,2,1,,,Non-Integrator,,Non-Integrator,Non-Integrator,0,,,Non-Integrator,,Non-Integrator,Non-Integrator,3.875,0.625107479,,2,1,39.81311861
2038,7.061916327,43.08710843,26.91320642,48.14145281,48.14145281,15.3332872,2,,8,,White,4.533333333,Female,55,0.423854886,0.817732267,0.91094602,1,14,1,1,1,,,Non-Integrator,,Non-Integrator,Non-Integrator,0,,,Non-Integrator,,Non-Integrator,Non-Integrator,3.625,0.864339144,,2,1,34.08081041
2039,15.39606274,28.86288635,23.97974628,30.38886762,30.38886762,18.97259755,2,,8,,WhiteHis,5.4,Female,47,0.672885,0.328637703,0.501946466,1,38,2,,1,,,Integrator,,Integrator,Integrator,0,,,Integrator,,Integrator,Integrator,1,0.415292085,,3,3,25.49618045
2040,24.24220628,45.88427447,29.33978345,51.05442792,51.05442792,26.36619677,2,,8,1,Asian,3.066666667,Female,48,0.050383915,0.619394704,0.556653322,1,26,1,1,1,,,Imprecise Navigator,,Non-Integrator,Imprecise Navigator,1,,,Imprecise Navigator,,Non-Integrator,Imprecise Navigator,4.25,0.588024013,,2,1,40.47375743
2042,1.979931115,25.76160608,16.65017942,28.60892691,28.60892691,8.092534574,2,,8,,White,4.733333333,Male,52,0.775453401,0.684600013,0.787130405,1,18,2,,1,,,Integrator,,Integrator,Integrator,0,,,Integrator,,Integrator,Integrator,2,0.735865209,,3,3,19.81618734
2043,5.005227323,59.44603619,22.91893388,70.86075566,70.86075566,12.46927172,2,,8,,Hispanic,3.8,Female,48,0.43744752,0.59493465,0.76550586,1,42,1,2,1,,,Non-Integrator,,Non-Integrator,Non-Integrator,0,,,Non-Integrator,,Non-Integrator,Non-Integrator,5.125,0.680220255,,2,1,45.83583397
2044,12.46401073,30.90537765,13.24367673,36.42465919,36.42465919,12.78887156,2,,8,,White,5.2,Male,46,0.72035023,0.719364069,0.941545119,1,6,2,,1,,,Integrator,,Integrator,Integrator,0,,,Integrator,,Integrator,Integrator,3.5,0.830454594,,3,3,26.29503592
2045,17.90564063,39.70454152,24.81320642,44.35808374,44.35808374,20.78379304,2,,6,,White,4.466666667,Female,46,0.363885805,0.657390135,0.604335482,0.75,44,1,1,1,,,Non-Integrator,,Non-Integrator,Non-Integrator,0,,,Non-Integrator,,Non-Integrator,Non-Integrator,4.5,0.630862809,,2,1,34.2548163
2047,34.70989679,52.94698899,48.93040362,54.20217191,54.2,40.64,2,,6,,None,2.6,Male,48,0.518980632,0.782178859,0.629413013,0.75,-2,1,2,1,,,Imprecise Navigator,,Imprecise Navigator,Imprecise Navigator,0,,,Imprecise Navigator,,Imprecise Navigator,Imprecise Navigator,4.375,0.705795936,,1,2,48.38857143
2048,14.31488959,52.52935643,26.27780405,60.73296656,60.73,19.3,2,,8,,WhiteHis,3.266666667,Male,42,0.136965818,0.868615048,0.877611808,1,28,1,2,1,,,Non-Integrator,,Non-Integrator,Non-Integrator,0,,,Non-Integrator,,Non-Integrator,Non-Integrator,5.125,0.873113428,,2,1,42.97428571
2049,12.61900656,40.08167502,23.88215008,45.14402657,45.14,17.31,2,,6,,Asian,3.266666667,Male,54,0.443580557,0.821270136,0.08503281,0.75,72,1,1,1,,,Non-Integrator,,Non-Integrator,Non-Integrator,0,,,Non-Integrator,,Non-Integrator,Non-Integrator,4.75,0.453151473,,2,1,33.21285714
2051,6.577115013,26.43212109,7.16198923,32.4540373,32.45,6.82,2,,8,,White,5.733333333,Male,51,0.803873393,0.311304529,0.820036357,1,64,2,,1,,,Integrator,,Integrator,Integrator,0,,,Integrator,,Integrator,Integrator,3,0.565670443,,3,3,21.46571429
2052,30.21028944,58.65072129,45.98074216,62.61008977,62.61,36.78,2,,4,,Black,2.733333333,Male,46,0.128326476,0.681675748,0.806109579,0.5,26,1,2,1,,,Imprecise Navigator,,Imprecise Navigator,Imprecise Navigator,0,,,Imprecise Navigator,,Imprecise Navigator,Imprecise Navigator,3.375,0.743892664,,1,2,51.54
2053,6.76251674,35.53072123,40.0138736,34.12973612,34.13,20.62,2,,8,,White,2.6,Female,54,0.617497072,0.895733609,0.732823861,1,52,2,,1,,,Integrator,,Integrator,Integrator,0,,,Integrator,,Integrator,Integrator,4,0.814278735,,3,3,28.34
2054,3.571627974,53.59313029,19.31893388,64.30381667,64.3,10.13,2,,8,,White,5.4,Male,46,0.306953495,0.042654961,0.708041188,1,24,1,2,1,,,Non-Integrator,,Non-Integrator,Non-Integrator,0,,,Non-Integrator,,Non-Integrator,Non-Integrator,2.625,0.375348075,,2,1,41.08428571
2055,2.376234391,18.63925862,16.93287416,19.17250376,19.17,8.44,2,,8,,Other,5.6,Male,54,0.827670389,0.677103865,0.822904412,1,58,2,,1,,,Integrator,,Integrator,Integrator,0,,,Integrator,,Integrator,Integrator,2.75,0.750004139,,3,3,14.57142857
2056,6.806272957,16.87236896,14.12389074,17.73126841,17.73,9.86,2,,8,,Black,5.8,Female,54,0.964063205,0.490372158,0.872171018,1,24,2,,1,,,Integrator,,Integrator,Integrator,0,,,Integrator,,Integrator,Integrator,3.75,0.681271588,,3,3,14.35714286
2057,48.10873466,52.30635158,47.33506323,53.85987919,53.86,47.79,2,,5,,Black,4.866666667,Male,45,0.201963993,0.830358235,0.923980568,0.625,-4,1,2,1,,,Imprecise Navigator,,Imprecise Navigator,Imprecise Navigator,0,,,Imprecise Navigator,,Imprecise Navigator,Imprecise Navigator,2.625,0.877169402,,1,2,51.25857143
2058,4.520225387,26.62861071,24.41893388,27.31913472,27.32,12.81,2,,8,,White,6.333333333,Male,47,0.963645311,0.960751237,0.966104127,1,32,2,,1,,,Integrator,,Integrator,Integrator,0,,,Integrator,,Integrator,Integrator,2.125,0.963427682,,3,3,21.10142857
2059,12.33662904,56.71211763,57.9443439,56.32704692,56.33,31.34,2,,6,,White,5,Female,43,0.571653364,0.823067374,0.1820709,0.75,20,1,2,1,,,Imprecise Navigator,,Imprecise Navigator,Imprecise Navigator,0,,,Imprecise Navigator,,Imprecise Navigator,Imprecise Navigator,2.75,0.502569137,,2,2,45.62
2060,19.54701971,59.54253522,39.25671356,65.88185449,65.88,27.76,2,,8,,White,5.6,Male,49,0.395598387,0.900938262,0.94995305,1,34,1,2,1,,,Imprecise Navigator,,Imprecise Navigator,Imprecise Navigator,0,,,Imprecise Navigator,,Non-Integrator,Imprecise Navigator,3.625,0.925445656,,2,1,49.54285714
2061,25.24415794,44.17441028,47.18292531,43.23424934,43.23,34.39,2,,5,,White,5,Female,46,0.628813081,0.485953415,0.637968551,0.625,-34,1,1,1,,,Imprecise Navigator,,Imprecise Navigator,Imprecise Navigator,0,,,Imprecise Navigator,,Imprecise Navigator,Imprecise Navigator,2.125,0.561960983,,2,2,39.44142857
2062,1.887826286,11.59200405,6.61299894,13.14794315,13.15,3.86,2,,8,,White,5.133333333,Male,51,0.871319934,0.795661275,0.85452397,1,34,2,,1,,,Integrator,,Integrator,Integrator,0,,,Integrator,,Integrator,Integrator,2.5,0.825092622,,3,3,9.168571429
2063,6.816780123,30.82945769,10.99155609,37.02880195,37.03,8.56,2,,8,,White,2.866666667,Male,53,0.922075391,0.708692693,0.574112516,1,52,2,,1,,,Integrator,,Integrator,Integrator,0,,,Integrator,,Integrator,Integrator,2.125,0.641402605,,3,3,24.82857143
2064,13.31377643,48.30948756,36.6799872,51.94370642,51.94,23.05,2,,8,,White,5,Male,53,0.323212253,0.982584509,0.966254262,1,18,1,1,1,,,Non-Integrator,,Non-Integrator,Non-Integrator,0,,,Non-Integrator,,Non-Integrator,Non-Integrator,2.875,0.974419386,,2,1,39.55857143
2065,9.275433155,49.182969,26.96244102,56.126884,56.13,16.65,2,,6,,White,4.466666667,Female,49,0.617010077,0.989580779,0.635037233,0.75,56,1,2,1,,,Non-Integrator,,Non-Integrator,Non-Integrator,0,,,Non-Integrator,,Non-Integrator,Non-Integrator,6,0.812309006,,2,1,39.21
2066,9.028689453,45.94061518,24.41893388,52.66614059,52.67,15.44,2,,6,,Black,3.933333333,Female,50,0.113091616,0.281947081,0.91249518,0.75,-4,1,2,1,,,Non-Integrator,,Non-Integrator,Non-Integrator,0,,,Non-Integrator,,Non-Integrator,Non-Integrator,3.25,0.59722113,,2,1,36.71428571
2067,8.519649813,33.48799461,25.51893388,35.97832609,35.98,15.6,2,,8,,WhiteHis,5.333333333,Male,46,0.803166541,0.555566553,0.640735202,1,18,2,,1,,,Integrator,,Integrator,Integrator,0,,,Integrator,,Integrator,Integrator,3.625,0.598150878,,3,3,27.24571429
2068,27.09659435,50.37364528,32.31893388,56.01574259,56.02,29.27,2,,8,,Black,5.333333333,Female,44,0.018055967,0.645459961,0.201851202,1,22,1,2,1,,,Imprecise Navigator,,Imprecise Navigator,Imprecise Navigator,0,,,Imprecise Navigator,,Non-Integrator,Imprecise Navigator,6.25,0.423655582,,1,1,44.55571429
2069,1.972649024,51.20924209,41.20192588,54.33652841,54.34,18.32,2,,8,,Asian,3.133333333,Male,44,0.483823158,0.683057496,0.983082936,1,30,1,2,1,,,Non-Integrator,,Non-Integrator,Non-Integrator,0,,,Non-Integrator,,Non-Integrator,Non-Integrator,5.25,0.833070216,,2,1,38.90285714
2070,23.10101699,44.38536671,37.44940419,46.552855,46.55,29.08,2,,7,1,White,3.266666667,Female,52,0.332481031,0.13724923,0.858237909,0.875,32,1,1,1,,,Imprecise Navigator,,Non-Integrator,Imprecise Navigator,1,,,Imprecise Navigator,,Non-Integrator,Imprecise Navigator,2.875,0.49774357,,2,1,39.06285714
2071,1.643056545,31.37244239,36.2342969,29.85311285,29.85,16.06,2,,8,,White,3.666666667,Female,50,0.285472984,0.773978915,0.790773443,1,28,2,,1,,,Integrator,,Integrator,Integrator,0,,,Integrator,,Integrator,Integrator,4.625,0.782376179,,3,3,23.94
2072,40.74407504,41.69677531,38.61776688,42.65896545,42.66,39.86,2,,4,,Asian,4.533333333,Male,48,0.464379551,0.288469593,0.243121236,0.5,-16,1,1,1,,,Imprecise Navigator,,Imprecise Navigator,Imprecise Navigator,0,,,Imprecise Navigator,,Imprecise Navigator,Imprecise Navigator,2.875,0.265795415,,1,1,41.46
2073,6.260528759,41.59465251,27.58936702,45.97130423,45.97,15.15,2,,6,,Black,3.666666667,Male,51,0.502128742,0.6824605,0.736195386,0.75,38,1,1,1,,,Non-Integrator,,Non-Integrator,Non-Integrator,0,,,Non-Integrator,,Non-Integrator,Non-Integrator,2.875,0.709327943,,2,1,32.76142857
2074,10.93646838,41.64613629,17.60181999,49.15998513,49.16,13.71,2,,7,,White,4.866666667,Female,47,0.609579201,0.735584316,0.337219323,0.875,50,1,1,1,,,Non-Integrator,,Non-Integrator,Non-Integrator,0,,,Non-Integrator,,Non-Integrator,Non-Integrator,3.125,0.53640182,,2,1,33.96714286
2075,15.41591415,54.19373703,36.63149274,59.68193837,59.68,24.26,2,,8,,Asian,4.2,Female,52,0.775762549,0.049086832,0.837866856,1,34,1,2,1,,,Non-Integrator,,Non-Integrator,Non-Integrator,0,,,Non-Integrator,,Non-Integrator,Non-Integrator,3.25,0.443476844,,2,1,44.5
2076,8.422580279,42.26582623,44.01309837,41.71980369,41.72,23.25,2,,6,,Black,3.466666667,Female,43,0.508254557,0.869543094,0.908765134,0.75,-4,1,1,1,,,Non-Integrator,,Non-Integrator,Non-Integrator,0,,,Non-Integrator,,Non-Integrator,Non-Integrator,5.25,0.889154114,,2,2,33.80428571
4002,6.443632914,50.50857212,36.01309837,55.03840767,55.03840767,18.76424352,3,1,6,,,,,48,0.137852876,0.412960232,0.80948858,1,,1,2,2,,,,Non-Integrator,Non-Integrator,Non-Integrator,0,,,,Non-Integrator,Non-Integrator,Non-Integrator,,0.611224406,1471,2,1,39.49233732
4003,31.42732994,50.63072507,46.12170759,52.03979303,52.03979303,37.54998729,3,4,4,,None,3.2,Female,39,0.465335333,0.461084329,0.650235633,0.666666667,,1,2,2,,,,Imprecise Navigator,Imprecise Navigator,Imprecise Navigator,0,,,,Non-Integrator,Imprecise Navigator,Non-Integrator,,0.555659981,903,1,2,45.82987628
4004,10.69043513,33.76706528,28.17391077,35.51492606,35.51492606,17.97521665,3,4,6,,White,2.8,Female,48,0.613168417,0.775283493,0.307213398,1,,2,,2,,,,Integrator,Integrator,Integrator,0,,,,Integrator,Integrator,Integrator,,0.541248446,853,3,3,27.99790774
4005,4.809529488,43.82018615,26.98580245,49.08093105,49.08093105,14.04964322,3,1,5,,Asian,3,Female,43,0.591035781,0.531264772,0.483989382,0.833333333,,1,1,2,,,,Non-Integrator,Non-Integrator,Non-Integrator,0,,,,Non-Integrator,Non-Integrator,Non-Integrator,,0.507627077,1067,2,1,34.06752198
4006,5.496003726,33.74335233,36.27897105,32.95097148,32.95097148,18.32224011,3,2,6,,White,4.333333333,Male,49,0.286303291,0.217712369,0.843852148,1,,2,,2,,,,Integrator,Integrator,Integrator,0,,,,Integrator,Integrator,Integrator,,0.530782258,1161,3,3,26.68151518
4007,2.982733578,7.969241571,8.170871709,7.906232154,7.906232154,5.144457799,3,5,6,,White,5.333333333,Male,44,0.904553755,0.137737126,0.954288225,1,,2,,2,,,,Integrator,Integrator,Integrator,0,,,,Integrator,Integrator,Integrator,,0.546012676,887,3,3,6.722614573
4008,5.511814088,11.99444349,9.248933028,12.85241551,12.85241551,7.06894698,3,2,5,,White,5.933333333,Male,47,0.892687855,0.28114292,0.653325634,0.833333333,,2,,2,,,,Integrator,Integrator,Integrator,0,,,,Integrator,Integrator,Integrator,,0.467234277,1095,3,3,10.37378614
4009,26.95182379,57.88148008,41.42325342,63.0246759,63.0246759,32.98158614,3,4,6,,Asian,2.133333333,Female,41,0.443352153,0.988581062,0.928399874,1,,1,2,2,,,,Imprecise Navigator,Imprecise Navigator,Imprecise Navigator,0,,,,Non-Integrator,Imprecise Navigator,Non-Integrator,,0.958490468,1330,1,1,50.149066
4010,7.588897501,52.51522992,32.17401882,58.87185838,58.87185838,17.83269805,3,4,5,,Black,5.2,Female,41,0.165799155,0.93600255,0.884132369,0.833333333,,1,2,2,,,,Non-Integrator,Non-Integrator,Non-Integrator,0,,,,Non-Integrator,Non-Integrator,Non-Integrator,,0.91006746,1090,2,1,41.28364681
4011,16.32211774,45.94436968,33.11893388,49.95231837,49.95231837,23.32079113,3,6,6,,White,3.066666667,Female,47,0.477017654,0.311388396,0.234990372,1,,1,1,2,,,,Non-Integrator,Non-Integrator,Non-Integrator,0,,,,Non-Integrator,Non-Integrator,Non-Integrator,,0.273189384,815,2,1,38.5388067
4012,39.43871508,52.6182611,46.23040362,54.61446656,54.61446656,42.26858531,3,2,2,,Hispanic,3.8,Female,34,0.128687409,0.741376026,0.402589052,0.333333333,,1,2,2,,,,Imprecise Navigator,Imprecise Navigator,Imprecise Navigator,0,,,,Non-Integrator,Imprecise Navigator,Non-Integrator,,0.571982539,901,1,2,49.3233746
4013,19.09569996,45.74709568,37.60192588,48.29246125,48.29246125,26.80662742,3,6,4,,Asian,5.333333333,Male,42,0.171212532,0.758903312,0.949147386,0.666666667,,1,1,2,,,,Non-Integrator,Non-Integrator,Non-Integrator,0,,,,Non-Integrator,Non-Integrator,Non-Integrator,,0.854025349,831,2,1,39.08424675
4014,13.42202098,42.89885197,43.17391077,42.81289609,42.81289609,25.81864172,3,6,6,,White,2.8,Female,46,0.61664099,0.39775377,0.498109051,1,,1,1,2,,,,Non-Integrator,Non-Integrator,Non-Integrator,0,,,,Non-Integrator,Non-Integrator,Non-Integrator,,0.447931411,935,2,2,35.52964422
4015,15.46260299,52.94785185,36.53405599,58.07716305,58.07716305,24.24237507,3,3,6,,White,4.866666667,Female,50,0.283570577,0.860828801,0.213999986,1,,1,2,2,,,,Non-Integrator,Non-Integrator,Non-Integrator,0,,,,Non-Integrator,Non-Integrator,Non-Integrator,,0.537414394,951,2,1,43.57653963
4016,12.32012286,54.15283996,35.0530612,60.12152082,60.12152082,21.7921805,3,5,5,,Black,3.6,Female,47,0.277233119,0.78171156,0.893263478,0.833333333,,1,2,2,,,,Non-Integrator,Non-Integrator,Non-Integrator,0,,,,Non-Integrator,Non-Integrator,Non-Integrator,,0.837487519,1080,2,1,43.69466068
4017,12.06301423,30.98905306,22.91893388,33.5109653,33.5109653,16.58631408,3,4,6,,Asian,3.733333333,Female,44,0.594252761,0.777181132,0.35877296,1,,2,,2,,,,Integrator,Integrator,Integrator,0,,,,Integrator,Integrator,Integrator,,0.567977046,816,3,3,26.25754335
4018,15.6693449,62.48185242,58.8138736,63.6280958,63.6280958,33.64623185,3,6,2,,Asian,4.933333333,Male,41,0.298767581,0.33352873,0.738539714,0.333333333,,1,2,2,,,,Imprecise Navigator,Imprecise Navigator,Imprecise Navigator,0,,,,Non-Integrator,Imprecise Navigator,Non-Integrator,,0.536034222,1003,2,2,50.77872554
4019,20.92051201,47.59867644,26.24940419,54.27032402,54.27032402,23.14088375,3,1,6,,White,5.133333333,Male,45,0.893738006,0.738663734,0.684921322,1,,1,2,2,,,,Non-Integrator,Non-Integrator,Non-Integrator,0,,,,Non-Integrator,Non-Integrator,Non-Integrator,,0.711792528,982,2,1,40.92913533
4020,8.501898388,53.72131459,51.44733374,54.43193361,54.43193361,26.39582978,3,6,6,,White,4.066666667,Female,39,0.219994773,0.208268669,0.96456541,1,,1,2,2,,,,Non-Integrator,Non-Integrator,Non-Integrator,0,,,,Non-Integrator,Non-Integrator,Non-Integrator,,0.58641704,1091,2,2,42.41646054
4021,39.99600373,56.11280005,50.6443439,57.82169259,57.82169259,44.43281213,3,1,1,,Asian,4.933333333,Female,40,0.616333234,0.691907475,0.844429027,0.166666667,,1,2,2,,,,Imprecise Navigator,Imprecise Navigator,Imprecise Navigator,0,,,,Non-Integrator,Imprecise Navigator,Non-Integrator,,0.768168251,921,1,2,52.08360096
4022,9.417572306,47.69408592,22.44893303,55.5831962,55.5831962,14.84730594,3,1,6,,White,5.266666667,Female,47,0.57818432,0.791221336,0.251504279,1,,1,2,2,,,,Non-Integrator,Non-Integrator,Non-Integrator,0,,,,Non-Integrator,Non-Integrator,Non-Integrator,,0.521362808,954,2,1,38.12495752
4023,14.76131889,34.79612637,22.24089875,38.719635,38.719635,17.8778105,3,4,6,1,Black,5.133333333,Female,47,0.452411804,0.713459763,0.974501316,1,,2,,2,,,,Integrator,Non-Integrator,Integrator,1,,,,Integrator,Integrator,Integrator,,0.84398054,1027,3,3,29.7874245
4024,17.53128966,48.07393405,26.54763099,54.80090376,54.80090376,21.28809855,3,1,4,,White,5.2,Male,45,0.644174086,0.438469342,0.478411287,0.666666667,,1,2,2,,,,Non-Integrator,Non-Integrator,Non-Integrator,0,,,,Non-Integrator,Non-Integrator,Non-Integrator,,0.458440315,890,2,1,40.43827296
4025,9.784807753,24.81162953,30.26273827,23.10815804,23.10815804,18.3172788,3,4,6,,Asian,4.933333333,Female,41,0.930422098,0.49531071,0.975707053,1,,2,,2,,,,Integrator,Integrator,Integrator,0,,,,Integrator,Integrator,Integrator,,0.735508882,869,3,3,21.05492408
4026,5.842666051,19.7650808,4.290554268,24.60087034,24.60087034,5.195952808,3,4,6,,White,5.866666667,Female,44,0.863072935,0.822052993,0.711576625,1,,2,,2,,,,Integrator,Integrator,Integrator,0,,,,Integrator,Integrator,Integrator,,0.766814809,792,3,3,16.28447711
4027,,,,,,,,,,,,,,47,,,,,,,,,,,,,,,0,,,,,,,,,,,,
4028,49.74369803,51.08438803,49.72325342,51.50974259,51.50974259,49.73517944,3,2,5,,White,3.466666667,Female,44,0.349243088,0.882615676,0.927923708,0.833333333,,1,2,2,,,,Imprecise Navigator,Imprecise Navigator,Imprecise Navigator,0,,,,Non-Integrator,Imprecise Navigator,Non-Integrator,,0.905269692,805,1,2,50.74921553
4029,5.587435791,52.51549583,29.44130485,59.72618051,59.72618051,15.5265479,3,3,6,,White,4.266666667,Male,52,0.337598193,0.840382949,0.825668677,1,,1,2,2,,,,Non-Integrator,Non-Integrator,Non-Integrator,0,,,,Non-Integrator,Non-Integrator,Non-Integrator,,0.833025813,1092,2,1,40.78348082
4030,2.287235657,19.34591833,6.940799593,23.22251794,23.22251794,4.22622063,3,2,6,,White,5.133333333,Male,47,0.84630157,0.379287366,0.108786572,1,,2,,2,,,,Integrator,Integrator,Integrator,0,,,,Integrator,Integrator,Integrator,,0.244036969,773,3,3,15.08124766
4031,9.662355108,31.93839291,39.00051795,29.73147883,29.73147883,21.88658963,3,1,5,,WhiteHis,5.466666667,Male,51,0.265402183,0.268877509,0.795579911,0.833333333,,2,,2,,,,Integrator,Integrator,Integrator,0,,,,Integrator,Integrator,Integrator,,0.53222871,1046,3,3,26.36938346
4032,6.884359385,39.14914817,40.60192588,38.69515513,38.69515513,20.93334542,3,4,5,1,White,3.4,Female,49,0.802739024,0.956976645,0.932161673,0.833333333,,2,,2,,,,Integrator,Non-Integrator,Integrator,1,,,,Integrator,Integrator,Integrator,,0.944569159,1118,2,1,31.08295097
4033,10.70257544,47.40361672,25.07780405,54.38043319,54.38043319,16.69225403,3,5,6,,Asian,4.666666667,Female,40,0.06100707,0.358231197,0.670918487,1,,1,2,2,,,,Non-Integrator,Non-Integrator,Non-Integrator,0,,,,Non-Integrator,Non-Integrator,Non-Integrator,,0.514574842,986,2,1,38.22835641
4034,6.641003607,56.17868239,40.41752596,61.10404378,61.10404378,20.71455459,3,1,5,,White,3.266666667,Female,53,0.487217593,0.532737028,0.933668403,0.833333333,,1,2,2,,,,Non-Integrator,Non-Integrator,Non-Integrator,0,,,,Non-Integrator,Non-Integrator,Non-Integrator,,0.733202716,868,2,1,43.7942627
4035,6.568004979,31.57943374,18.46244102,35.67849397,35.67849397,11.52402,3,5,6,,White,5.666666667,Male,47,0.646695898,0.206847333,0.914321817,1,,2,,2,,,,Integrator,Integrator,Integrator,0,,,,Integrator,Integrator,Integrator,,0.560584575,920,3,3,25.32657655
4036,32.36934567,58.03036825,40.44762209,63.52497643,63.52497643,35.73529418,3,7,3,,White,2,Female,51,0.101210762,0.10425279,0.419034407,0.5,,1,2,2,,,,Imprecise Navigator,Imprecise Navigator,Imprecise Navigator,0,,,,Non-Integrator,Imprecise Navigator,Non-Integrator,,0.261643599,949,1,1,51.61511261
4037,24.1460663,52.17270304,35.51893388,57.3770059,57.3770059,28.88476113,3,4,4,1,White,4.733333333,Female,47,0.750836806,0.73146394,0.63064482,0.666666667,,1,2,2,,,,Non-Integrator,Imprecise Navigator,Non-Integrator,1,,,,Non-Integrator,Non-Integrator,Non-Integrator,,0.68105438,814,2,1,45.16604386
4038,11.60783202,33.73788765,24.77974628,36.53730683,36.53730683,17.09612963,3,1,5,,White,4.466666667,Female,42,0.121801557,0.403647095,0.152261565,0.833333333,,2,,2,,,,Integrator,Integrator,Integrator,0,,,,Integrator,Integrator,Integrator,,0.27795433,893,3,3,28.20537374
4039,9.080604406,39.19508052,45.17867843,37.32520618,37.32520618,24.12146858,3,1,6,1,White,5.933333333,Male,52,0.718596456,0.373234588,0.777047804,1,,1,1,2,,,,Integrator,Non-Integrator,Integrator,1,,,,Integrator,Integrator,Integrator,,0.575141196,893,2,2,31.66646149
4040,8.804858994,52.3836925,52.73605319,52.27357978,52.27357978,27.10952324,3,5,6,,White,5.533333333,Male,50,0.029269094,0.481229788,0.872077517,1,,1,2,2,,,,Non-Integrator,Non-Integrator,Non-Integrator,0,,,,Non-Integrator,Non-Integrator,Non-Integrator,,0.676653653,755,2,2,41.48898412
4041,8.681821388,37.57193024,27.23149274,40.80331696,40.80331696,16.41085112,3,2,6,1,White,5.066666667,Male,49,0.592667437,0.914487529,0.906451241,1,,2,,2,,,,Integrator,Non-Integrator,Integrator,1,,,,Integrator,Non-Integrator,Integrator,,0.910469385,830,2,3,30.34940303
4042,9.99948141,26.41899965,7.139104806,32.44396679,32.44396679,8.807657825,3,6,6,,White,4.666666667,Male,51,0.795595613,0.71793653,0.991307008,1,,2,,2,,,,Integrator,Integrator,Integrator,0,,,,Integrator,Integrator,Integrator,,0.854621769,801,3,3,22.31412009
4043,3.136994081,39.83068966,36.90955406,40.74354454,40.74354454,17.20889407,3,5,6,1,White,4.333333333,Male,49,0.502227202,0.590609181,0.876817144,1,,2,,2,,,,Integrator,Non-Integrator,Integrator,1,,,,Integrator,Non-Integrator,Integrator,,0.733713163,961,2,1,30.65726577
4044,26.39392333,52.73249253,54.12277544,52.29802912,52.29802912,37.94761171,3,5,5,,White,2.866666667,Female,49,0.364333563,0.93063595,0.794501427,0.833333333,,1,2,2,,,,Imprecise Navigator,Imprecise Navigator,Imprecise Navigator,0,,,,Non-Integrator,Imprecise Navigator,Non-Integrator,,0.862568689,847,1,2,46.14785023
4045,5.76223867,37.4126258,8.92619756,46.31463463,46.31463463,7.080554874,3,3,5,1,AmerInd,3.533333333,Female,48,0.428384997,0.37290157,0.929344286,0.833333333,,1,1,2,,,,Integrator,Non-Integrator,Integrator,1,,,,Integrator,Non-Integrator,Integrator,,0.651122928,784,3,3,29.50002902
4046,13.35255945,50.53602348,26.70955406,57.98179517,57.98179517,18.91797387,3,3,6,,White,4.466666667,Female,48,0.259615445,0.652493779,0.112041208,1,,1,2,2,,,,Non-Integrator,Non-Integrator,Non-Integrator,0,,,,Non-Integrator,Non-Integrator,Non-Integrator,,0.382267494,887,2,1,41.24015747
4047,75.96323501,66.5737001,79.10448913,62.65782853,62.65782853,77.27209089,3,2,6,,White,4.933333333,Female,50,0.340613846,0.873142295,0.884600017,1,,1,2,2,,,,Imprecise Navigator,Imprecise Navigator,Imprecise Navigator,0,,,,Imprecise Navigator,Imprecise Navigator,Imprecise Navigator,,0.878871156,1232,1,2,68.92108383
4048,,,,,,,,,,,,,,52,,,,,,,,,,,,,,,0,,,,,,,,,,,,
4049,,,,,,,,,,,,,,39,,,,,,,,,,,,,,,0,,,,,,,,,,,,
4050,15.27123748,41.13274718,40.46244102,41.34221786,41.34221786,25.76757229,3,2,6,1,White,4.2,Male,45,0.48590985,0.666998751,0.005488601,1,,1,1,2,,,,Integrator,Non-Integrator,Integrator,1,,,,Non-Integrator,Non-Integrator,Non-Integrator,,0.336243676,789,2,1,34.66736976
