Start_date,End_date,Progress,Duration_seconds,Finished,Recorded_date,Institution,PIN_TU_Only,gender,Age,Hispanic,Racial_Category,Racial_Category_Text,Education_Level,Education_Level_Text,Handedness,First_Language,Age_started_speaking_English,Participant_UUID_Qualtrics,Participant_UUID_Qualtrics_Truncated
9/25/2020 13:29,9/25/2020 13:35,100,366,TRUE,9/25/2020 13:35,Temple,test,Female,22,Not Hispanic/Latino,White,,High School,,Right,English,,0078d5f8-963d-433b-9613-381e56c7c641 ,0078d5f8-963
10/27/2020 13:00,10/27/2020 13:02,100,163,TRUE,10/27/2020 13:02,UF,,Female,18,Hispanic/Latino,White,,High School,,Right,Spanish,4,02f447fe-12a1-48a2-8cc5-2af2f9b4c034,02f447fe-12a
11/2/2020 9:04,11/2/2020 9:08,100,249,TRUE,11/2/2020 9:08,UF,,Female,18,Not Hispanic/Latino,White,,High School,,Right,English,,04e2f80e-24b5-4804-869e-5d8cd97ad59c,04e2f80e-24b
11/11/2020 9:00,11/11/2020 9:03,100,183,TRUE,11/11/2020 9:03,UF,,Female,18,Not Hispanic/Latino,White,,High School,,Right,English,,05e1702e-4712-4c0a-a07c-fcd938791f95  ,05e1702e-471
10/21/2020 11:55,10/21/2020 11:59,100,227,TRUE,10/21/2020 11:59,UF,,Male,18,Not Hispanic/Latino,White,,High School,,Right,English,,0689384c-416e-4368-8e1c-c4206e8a8e1c ,0689384c-416
9/24/2020 12:03,9/24/2020 12:06,100,178,TRUE,9/24/2020 12:06,UF,,Female,18,Not Hispanic/Latino,White,,College,,Right,English,,0866cc9c-f28c-41f9-8360-9bcc40c41259 ,0866cc9c-f28
10/8/2020 8:01,10/8/2020 8:03,100,113,TRUE,10/8/2020 8:03,UF,,Male,20,Not Hispanic/Latino,White,,High School,,Right,english,,0ac71f1f-1a28-4c3f-9dcb-9cae84b17b8a,0ac71f1f-1a2
9/17/2020 10:00,9/17/2020 10:02,100,119,TRUE,9/17/2020 10:02,UF,,Female,20,Not Hispanic/Latino,White,,High School,,Left,English,,0b4711b3-9099-43bf-b2ce-1f544330b56d,0b4711b3-909
6/18/2020 8:02,6/18/2020 8:03,100,90,TRUE,6/18/2020 8:03,Temple,3,Female,21,Not Hispanic/Latino,White,,High School,,Right,English ,,0d053164-3d7c-480d-a3d3-4feade8f021e,0d053164-3d7
9/24/2020 13:06,9/24/2020 13:10,100,192,TRUE,9/24/2020 13:10,Temple,47,Female,33,Hispanic/Latino,White,,High School,,Right,English,,0d244487-427c-4864-811d-d2101947484d,0d244487-427
10/26/2020 10:01,10/26/2020 10:03,100,130,TRUE,10/26/2020 10:03,UF,,Other,20,Hispanic/Latino,White,,College,,Right,English,,0d484b4b-820f-4cda-9fa3-827b3f00e934,0d484b4b-820
11/5/2020 13:57,11/5/2020 14:00,100,169,TRUE,11/5/2020 14:00,Temple,125,Female,18,Hispanic/Latino,Unknown/Do Not Wish To Say,,High School,,Right,English,,10b4bfcb-cef9-428c-931a-fe277682d93f,10b4bfcb-cef
11/6/2020 8:03,11/6/2020 8:04,100,105,TRUE,11/6/2020 8:04,UF,,Female,18,Not Hispanic/Latino,White,,High School,,Right,English,,1239fd57-e248-4ee2-9ecb-1b60c88a6f57,1239fd57-e24
10/8/2020 13:58,10/8/2020 14:00,100,156,TRUE,10/8/2020 14:00,UF,,Male,18,Hispanic/Latino,White,,College,,Left,English,,13673c5a-aaad-4e8c-9dd5-42d34feb16ff,13673c5a-aaa
7/16/2020 8:07,7/16/2020 8:09,100,84,TRUE,7/16/2020 8:09,UF,,Female,21,Hispanic/Latino,White,,College,,Right,english/spanish,,17653050-3727-4b71-8720-51b492af6321,17653050-372
10/1/2020 7:02,10/1/2020 7:06,100,225,TRUE,10/1/2020 7:06,UF,,Female,18,Hispanic/Latino,More Than One Race,,High School,,Right,Spanish,12,1de21aa7-3d5d-47f2-9fc7-d42816b9e966  ,1de21aa7-3d5
10/23/2020 8:02,10/23/2020 8:03,100,95,TRUE,10/23/2020 8:03,UF,,Female,18,Not Hispanic/Latino,White,,High School,,Right,english,,247da523-61f9-4393-87a9-31214cf19d49,247da523-61f
10/1/2020 11:03,10/1/2020 11:09,100,374,TRUE,10/1/2020 11:09,UF,,Female,18,Not Hispanic/Latino,White,,High School,,Right,English,,2514a7b5-b029-42a2-8012-d742803f543c,2514a7b5-b02
10/15/2020 9:56,10/15/2020 9:59,100,171,TRUE,10/15/2020 9:59,UF,,Male,18,Not Hispanic/Latino,Asian,,High School,,Left,English,,2521b36f-b7d7-4f5b-b4a9-1b2b7bf02170,2521b36f-b7d
11/6/2020 14:03,11/6/2020 14:08,100,255,TRUE,11/6/2020 14:08,Temple,10027,Male,20,Not Hispanic/Latino,Black/African American,,High School,,Right,English,,265bac2e-533a-4476-ba3d-168dc5bac0d1  ,265bac2e-533
10/15/2020 8:02,10/15/2020 8:05,100,164,TRUE,10/15/2020 8:05,UF,,Male,22,Not Hispanic/Latino,Asian,,High School,,Right,chinese,8,27225966-89dd-4e4f-ba69-6a4b22151d47,27225966-89d
7/22/2020 10:06,7/22/2020 10:08,100,144,TRUE,7/22/2020 10:08,UF,,Male,19,Hispanic/Latino,White,,High School,,Right,Spanish,5,291f642a-e7e2-42f9-a9c5-3c95c921e57a,291f642a-e7e
8/6/2020 10:00,8/6/2020 10:04,100,242,TRUE,8/6/2020 10:04,UF,,Female,20,Not Hispanic/Latino,Asian,,High School,,Right,Mandarine,10,2d1b13ee-66f3-429b-b0d1-2ce796310753,2d1b13ee-66f
9/24/2020 8:06,9/24/2020 8:09,100,174,TRUE,9/24/2020 8:09,UF,,Female,18,Hispanic/Latino,White,,High School,,Right,English,,30d13979-dada-410d-86c9-fb704e7a04a8,30d13979-dad
10/12/2020 8:03,10/12/2020 8:08,100,264,TRUE,10/12/2020 8:08,UF,,Male,18,Not Hispanic/Latino,More Than One Race,,High School,,Right,English,,3537167e-74b4-4495-bb0d-83474698babf,3537167e-74b
7/9/2020 12:05,7/9/2020 12:12,100,412,TRUE,7/9/2020 12:12,UF,,Female,23,Hispanic/Latino,,,College,,Right,English,,36f0e279-76e8-4b04-b8b6-b69df44db011 ,36f0e279-76e
11/24/2020 8:03,11/24/2020 8:09,100,405,TRUE,11/24/2020 8:09,Temple,135,Male,20,Not Hispanic/Latino,Asian,,High School,,Left,English,,37b14be4-978e-48e6-89b3-450b1a947752,37b14be4-978
10/7/2020 7:57,10/7/2020 8:02,100,269,TRUE,10/7/2020 8:02,UF,,Female,18,Not Hispanic/Latino,Asian,,High School,,Right,Vietnamese,7,386349c1-0d89-41c6-b0f0-a148bb4b251b,386349c1-0d8
10/22/2020 10:28,10/22/2020 10:33,100,260,TRUE,10/22/2020 10:33,UF,,Male,18,Hispanic/Latino,White,,High School,,Both,Spanish,5,39bc04c5-fa30-4f6a-bdda-6820699b82f6 ,39bc04c5-fa3
10/22/2020 7:59,10/22/2020 8:03,100,219,TRUE,10/22/2020 8:03,UF,,Female,18,Not Hispanic/Latino,White,,High School,,Right,English,,3b2f3e72-e644-4f9d-96a7-401c196d66b1,3b2f3e72-e64
10/2/2020 8:03,10/2/2020 8:07,100,210,TRUE,10/2/2020 8:07,UF,,Female,19,Not Hispanic/Latino,Black/African American,,High School,,Right,English,,3e6766a3-4c63-43ff-aa13-e40184959bf2,3e6766a3-4c6
9/18/2020 7:21,9/18/2020 7:24,100,148,TRUE,9/18/2020 7:24,UF,,Female,19,Not Hispanic/Latino,White,,High School,,Right,english,,3fa0ed80-aff6-4841-8d0d-ae000bae4eb7,3fa0ed80-aff
10/12/2020 11:56,10/12/2020 11:59,100,178,TRUE,10/12/2020 11:59,UF,,Male,26,Not Hispanic/Latino,White,,College,,Right,English,,3ff3778d-48c5-4da8-9a2a-90e8db125d22,3ff3778d-48c
8/4/2020 10:08,8/4/2020 10:11,100,178,TRUE,8/4/2020 10:11,UF,,Female,19,Not Hispanic/Latino,White,,College,,Right,english,,44ca8b1b-e286-4e9a-9495-0ace509a8d30,44ca8b1b-e28
11/9/2020 9:57,11/9/2020 10:00,100,168,TRUE,11/9/2020 10:00,UF,,Female,20,Not Hispanic/Latino,White,,High School,,Right,English,,46fb51be-0d6d-4fc0-8e61-5adff691f9be ,46fb51be-0d6
9/25/2020 11:05,9/25/2020 11:11,100,368,TRUE,9/25/2020 11:11,Temple,48,Female,21,Not Hispanic/Latino,More Than One Race,,High School,,Right,english,,4827511f-a2b3-4e9b-b92b-a363756d509c,4827511f-a2b
11/20/2020 8:03,11/20/2020 8:06,100,164,TRUE,11/20/2020 8:06,UF,,Female,18,Not Hispanic/Latino,Asian,,High School,,Right,English,,4ee477f8-ff25-4bdb-9959-d9571cadb6c7,4ee477f8-ff2
10/6/2020 11:02,10/6/2020 11:06,100,210,TRUE,10/6/2020 11:06,Temple,75,Female,18,Not Hispanic/Latino,White,,High School,,Right,English,,52bcd577-0855-4db6-bbb1-9849641eb9ae,52bcd577-085
12/2/2020 12:06,12/2/2020 12:09,100,157,TRUE,12/2/2020 12:09,UF,,Male,18,Not Hispanic/Latino,White,,High School,,Right,English,,53473141-5199-42a0-a807-52dca98ceb25,53473141-519
10/1/2020 9:02,10/1/2020 9:06,100,182,TRUE,10/1/2020 9:06,Temple,62,Female,20,Not Hispanic/Latino,White,,High School,,Right,English,,5466222e-a308-4132-9106-400e27dd63fc,5466222e-a30
8/4/2020 8:22,8/4/2020 8:24,100,94,TRUE,8/4/2020 8:24,UF,,Female,18,Not Hispanic/Latino,White,,High School,,Left,English,,575696c7-9132-43cf-9bf1-3ef385a7445f,575696c7-913
9/30/2020 8:13,9/30/2020 8:14,100,107,TRUE,9/30/2020 8:14,Temple,58,Female,18,Not Hispanic/Latino,White,,High School,,Left,English,,57e04bdc-ff99-459e-a476-9dc2e4e8ced5  ,57e04bdc-ff9
11/5/2020 11:23,11/5/2020 11:26,100,167,TRUE,11/5/2020 11:26,UF,,Male,18,Not Hispanic/Latino,White,,High School,,Right,English,,5b4aadd5-412e-4b51-bd0b-7128dd0e5ec5,5b4aadd5-412
8/6/2020 7:59,8/6/2020 8:03,100,272,TRUE,8/6/2020 8:03,UF,,Female,19,Not Hispanic/Latino,Black/African American,,High School,,Right,English,,5b5beb6f-6901-4c62-be49-825512534ee4,5b5beb6f-690
10/27/2020 11:00,10/27/2020 11:03,100,191,TRUE,10/27/2020 11:03,Temple,113,Female,19,Not Hispanic/Latino,Black/African American,,High School,,Right,English,,6358ea6c-55b3-4925-a760-18ad5ac526eb,6358ea6c-55b
9/30/2020 11:10,9/30/2020 11:13,100,145,TRUE,9/30/2020 11:13,UF,,Male,18,Hispanic/Latino,White,,High School,,Right,English,,6367b514-db46-4e80-a142-9deb4311bf76,6367b514-db4
10/16/2020 10:03,10/16/2020 10:08,100,336,TRUE,10/16/2020 10:08,Temple,101,Male,18,Not Hispanic/Latino,Asian,,High School,,Right,Telugu,5,637ab224-9edf-48e8-a297-e8af174201d0,637ab224-9ed
9/25/2020 11:02,9/25/2020 11:06,100,200,TRUE,9/25/2020 11:06,UF,,Female,18,Not Hispanic/Latino,Black/African American,,High School,,Right,English,,6396c8da-c288-485a-8062-09a6d471931d,6396c8da-c28
9/24/2020 10:18,9/24/2020 10:21,100,154,TRUE,9/24/2020 10:21,UF,,Female,18,Hispanic/Latino,Black/African American,,High School,,Right,English,,6437645d-9a32-48ee-8ef2-4437967ceeb5,6437645d-9a3
10/30/2020 9:33,10/30/2020 9:36,100,183,TRUE,10/30/2020 9:36,Temple,120,Female,20,Not Hispanic/Latino,White,,High School,,Right,English,,6549564b-a203-4b9c-b6ef-e1f8162169d3,6549564b-a20
10/15/2020 11:07,10/15/2020 11:10,100,185,TRUE,10/15/2020 11:10,UF,,Female,19,Not Hispanic/Latino,White,,High School,,Right,Russian,4,662a874f-162b-4d57-871d-252bb5cd03ce,662a874f-162
10/13/2020 7:59,10/13/2020 8:04,100,288,TRUE,10/13/2020 8:04,UF,,Female,18,Not Hispanic/Latino,White,,High School,,Right,English,,6a7aed67-dc50-492a-b244-89543b97d52b,6a7aed67-dc5
9/18/2020 12:03,9/18/2020 12:06,100,138,TRUE,9/18/2020 12:06,UF,,Male,18,Not Hispanic/Latino,White,,High School,,Right,English,,6db1e537-66a3-437f-8ae8-752286cc5806,6db1e537-66a
10/23/2020 9:04,10/23/2020 9:06,100,156,TRUE,10/23/2020 9:06,Temple,111,Female,21,Not Hispanic/Latino,White,,High School,,Right,Russian,5-Apr,6f49cf77-8084-4d0f-a0a7-191c51ab300b,6f49cf77-808
9/30/2020 13:06,9/30/2020 13:08,100,163,TRUE,9/30/2020 13:08,Temple,62,Male,19,Not Hispanic/Latino,White,,High School,,Left,english,,712e2f2f-53dc-4b4b-b123-19560997ff3c,712e2f2f-53d
9/18/2020 9:10,9/18/2020 9:17,100,466,TRUE,9/18/2020 9:17,Temple,38,Female,19,Not Hispanic/Latino,Black/African American,,High School,,Right,English,,713e9dca-e17d-44ef-b5a2-a3f41d92be9f,713e9dca-e17
11/24/2020 9:34,11/24/2020 9:40,100,374,TRUE,11/24/2020 9:40,Temple,136,Female,19,Hispanic/Latino,Unknown/Do Not Wish To Say,,High School,,Right,spanish,10,73cc3358-285f-4f2e-90c0-2fca4281b9f6,73cc3358-285
10/9/2020 12:05,10/9/2020 12:08,100,155,TRUE,10/9/2020 12:08,UF,,Male,20,Not Hispanic/Latino,Asian,,High School,,Right,Hindi,4,782dd814-e549-4bbd-abdd-89b957a37fd4,782dd814-e54
10/8/2020 9:56,10/8/2020 9:58,100,159,TRUE,10/8/2020 9:58,UF,,Female,18,Not Hispanic/Latino,White,,High School,,Right,English,,7ba65c70-dbc0-4bd0-a7e4-a6d689d14c89,7ba65c70-dbc
10/16/2020 8:07,10/16/2020 8:08,100,99,TRUE,10/16/2020 8:08,UF,,Female,18,Hispanic/Latino,Unknown/Do Not Wish To Say,,High School,,Right,English,,7bc64d0c-08fa-410c-beaa-e6e3ad9831fc ,7bc64d0c-08f
9/30/2020 8:05,9/30/2020 8:10,100,331,TRUE,9/30/2020 8:10,Temple,58,Female,18,Not Hispanic/Latino,White,,High School,,Left,English,,7c0837cf-a498-4a3d-8a7d-ad28b19b94a7  ,7c0837cf-a49
12/2/2020 8:00,12/2/2020 8:03,100,171,TRUE,12/2/2020 8:03,UF,,Male,19,Hispanic/Latino,White,,High School,,Right,English,,7c15814f-d9ba-4e6f-84ed-5e625443416a,7c15814f-d9b
10/16/2020 8:04,10/16/2020 8:05,100,106,TRUE,10/16/2020 8:05,UF,,Female,18,Hispanic/Latino,Unknown/Do Not Wish To Say,,High School,,Right,English,,7d377104-7cb6-4703-badc-6829fbe5e94c,7d377104-7cb
8/5/2020 12:35,8/5/2020 13:51,100,4545,TRUE,8/5/2020 13:51,UF,,Female,18,Not Hispanic/Latino,White,,High School,,Right,English,,833aa246-fffc-4f3d-bce6-323afd86f5f5,833aa246-fff
10/21/2020 9:59,10/21/2020 10:02,100,172,TRUE,10/21/2020 10:02,UF,,Female,18,Not Hispanic/Latino,White,,High School,,Right,English,,84949345-3d43-4edf-b863-27cc8e2f4173,84949345-3d4
9/25/2020 9:04,9/25/2020 9:08,100,215,TRUE,9/25/2020 9:08,Temple,0,Female,18,Not Hispanic/Latino,Asian,,High School,,Right,English,,85de446c-8a08-47d8-919c-4ec9881c9b44,85de446c-8a0
10/15/2020 13:32,10/15/2020 13:35,100,215,TRUE,10/15/2020 13:36,Temple,98,Female,18,Not Hispanic/Latino,White,,High School,,Right,English,,874e183f-5158-4412-a885-6654a28783aa,874e183f-515
8/4/2020 8:06,8/4/2020 8:16,100,616,TRUE,8/4/2020 8:16,UF,,Female,18,Not Hispanic/Latino,White,,High School,,Left,English,,87e406b4-6551-42e2-9588-bb657a5535af,87e406b4-655
9/25/2020 8:00,9/25/2020 8:03,100,150,TRUE,9/25/2020 8:03,UF,,Female,18,Not Hispanic/Latino,White,,High School,,Right,English,,8ab2b1ed-7548-49a7-b720-4b8fabe09bc6  Pilot subject,8ab2b1ed-754
7/20/2020 10:37,7/23/2020 10:16,100,257980,TRUE,7/23/2020 10:16,UF,,Male,18,Hispanic/Latino,Unknown/Do Not Wish To Say,,College,,Left,English,,8b2d476b-d74a-42a5-aa6e-d4fa07b02a9b,8b2d476b-d74
9/28/2020 15:11,9/28/2020 15:16,100,328,TRUE,9/28/2020 15:16,Temple,54,Female,18,Not Hispanic/Latino,White,,High School,,Right,English,,8c2cc2df-2217-4b49-bc83-0bcf7aede3b8  ,8c2cc2df-221
11/12/2020 8:03,11/12/2020 8:05,100,139,TRUE,11/12/2020 8:05,UF,,Female,18,Not Hispanic/Latino,White,,High School,,Right,english,,8e5dda57-8ac0-4073-9494-5c8f786268b7,8e5dda57-8ac
10/16/2020 7:41,10/16/2020 7:44,100,130,TRUE,10/16/2020 7:44,UF,,Male,18,Not Hispanic/Latino,Asian,,High School,,Right,English,,911cd88f-2341-41b7-8a5b-5c18346455fe,911cd88f-234
11/18/2020 15:05,11/18/2020 15:09,100,238,TRUE,11/18/2020 15:09,Temple,128,Female,28,Hispanic/Latino,White,,Master's,,Right,English,,91c0a1ef-0d38-41f4-b2d6-aa9569c6202e,91c0a1ef-0d3
7/16/2020 10:15,7/16/2020 10:19,100,249,TRUE,7/16/2020 10:19,UF,,Female,18,Not Hispanic/Latino,White,,College,,Right,English,,93b4bc24-8c25-4781-a882-0c8aa02d4630,93b4bc24-8c2
10/12/2020 10:01,10/12/2020 10:07,100,321,TRUE,10/12/2020 10:07,UF,,Male,18,Not Hispanic/Latino,Asian,,High School,,Right,English,,95c2cd96-ff2b-46d2-9f8b-089acf5483cd,95c2cd96-ff2
7/21/2020 8:02,7/21/2020 8:07,100,278,TRUE,7/21/2020 8:07,UF,,Female,19,Not Hispanic/Latino,White,,College,,Left,English,,972a4fb5-7887-49f1-9575-979b45d9a1d6,972a4fb5-788
10/23/2020 11:05,10/23/2020 11:09,100,229,TRUE,10/23/2020 11:09,UF,,Female,19,Not Hispanic/Latino,Asian,,High School,,Right,Chinese,16,98647bb2-bb45-4cd2-9f07-f663803c5d2f,98647bb2-bb4
10/14/2020 7:58,10/14/2020 8:02,100,204,TRUE,10/14/2020 8:02,UF,,Female,30,Not Hispanic/Latino,Asian,,College,,Right,Hindi,7,9fa9f858-9b15-4d66-9dc3-a70ba7f8a053,9fa9f858-9b1
9/30/2020 9:59,9/30/2020 10:04,100,323,TRUE,9/30/2020 10:04,Temple,59,Female,26,Not Hispanic/Latino,White,,College,,Right,English,,a0505a36-a5f8-48cd-ac1f-450e25236e09,a0505a36-a5f
9/16/2020 11:06,9/16/2020 11:09,100,205,TRUE,9/16/2020 11:09,UF,,Female,18,Not Hispanic/Latino,White,,High School,,Right,English,,a1168d22-aa41-463a-98a3-ded2b8d10e2a,a1168d22-aa4
10/8/2020 12:00,10/8/2020 12:02,100,99,TRUE,10/8/2020 12:02,UF,,Female,18,Hispanic/Latino,More Than One Race,,High School,,Right,Spanish,2,a2b3a579-b55e-41df-b1e1-21469a6a2498 ,a2b3a579-b55
8/5/2020 10:11,8/5/2020 10:16,100,291,TRUE,8/5/2020 10:16,UF,,Male,20,Hispanic/Latino,White,,College,,Right,Spanish,4,a4fe06ac-16ba-4514-a860-3a6de6054d1e,a4fe06ac-16b
10/1/2020 13:18,10/1/2020 13:21,100,170,TRUE,10/1/2020 13:21,Temple,65,Female,25,Not Hispanic/Latino,Black/African American,,High School,,Right,english,,a5d65712-0aa6-43b4-86dc-1dbbe6261e92  Pilot subject,a5d65712-0aa
7/15/2020 13:22,7/15/2020 14:28,100,3969,TRUE,7/15/2020 14:28,UF,,Female,18,Not Hispanic/Latino,White,,High School,,Right,English ,,abbea591-a10a-4c9a-a2db-8ba5e68c9ff7,abbea591-a10
12/9/2020 8:06,12/9/2020 8:12,100,384,TRUE,12/9/2020 8:12,Temple,144,Female,18,Hispanic/Latino,Unknown/Do Not Wish To Say,,High School,,Right,Spanish,15,ad14918e-4cfe-460b-b8cf-55d39b30a6cb,ad14918e-4cf
7/2/2020 8:33,7/2/2020 8:35,100,149,TRUE,7/2/2020 8:35,Temple,5,Female,21,Not Hispanic/Latino,Black/African American,,College,,Left,English ,,ad307664-2349-428f-93ac-d8c398c606df,ad307664-234
10/27/2020 15:08,10/27/2020 15:11,100,208,TRUE,10/27/2020 15:11,Temple,113,Female,18,Not Hispanic/Latino,White,,High School,,Right,English,,ad6ba5f5-188a-4d42-a280-63fde71d8438,ad6ba5f5-188
9/16/2020 7:07,9/16/2020 7:09,100,161,TRUE,9/16/2020 7:09,UF,,Female,18,Hispanic/Latino,White,,High School,,Left,spanish,3,ae8441a4-e82c-49c3-9140-685b1818a758,ae8441a4-e82
6/3/2020 12:58,6/3/2020 13:01,100,183,TRUE,6/3/2020 13:01,Temple,2,Female,28,Not Hispanic/Latino,Black/African American,,Other:,Associate's,Right,English,,af7ded8f-330c-43b0-9362-1092b04f5924,af7ded8f-330
10/8/2020 10:50,10/8/2020 10:52,100,145,TRUE,10/8/2020 10:52,UF,,Female,18,Not Hispanic/Latino,White,,High School,,Right,english,,afaa7e32-6813-42ff-8bd4-68d17075530f,afaa7e32-681
12/3/2020 8:08,12/3/2020 8:10,100,113,TRUE,12/3/2020 8:10,UF,,Female,19,Not Hispanic/Latino,Black/African American,,High School,,Right,English,,b16cbe15-9952-4706-8e1a-cb16fb90ec92,b16cbe15-995
7/23/2020 7:59,7/23/2020 8:04,100,291,TRUE,7/23/2020 8:04,UF,,Female,20,Not Hispanic/Latino,Black/African American,,High School,,Right,English,,b243b2d5-7a68-489c-a10c-5b3fc2c7865d ,b243b2d5-7a6
10/7/2020 11:58,10/7/2020 12:17,100,1109,TRUE,10/7/2020 12:17,UF,,Female,19,Hispanic/Latino,White,,High School,,Right,English,,b8c531a6-b592-4277-87b2-860f81ccc86c,b8c531a6-b59
11/24/2020 9:02,11/24/2020 9:06,100,206,TRUE,11/24/2020 9:06,Temple,135,Female,22,Not Hispanic/Latino,Asian,,High School,,Right,English,,b9bfd63d-9c7d-4ccd-93a8-bbb1afa8a541,b9bfd63d-9c7
9/30/2020 13:03,9/30/2020 13:07,100,202,TRUE,9/30/2020 13:07,Temple,60,Male,20,Not Hispanic/Latino,White,,High School,,Right,English,,bbedc7c2-3caa-428e-b7ef-fa56023fba70 ,bbedc7c2-3ca
10/15/2020 10:09,10/15/2020 10:11,100,118,TRUE,10/15/2020 10:11,Temple,0,Male,19,Not Hispanic/Latino,White,,High School,,Right,English,,c18592c2-5919-4c9a-87b6-a0ece6838db5,c18592c2-591
10/29/2020 10:04,10/29/2020 10:07,100,186,TRUE,10/29/2020 10:07,UF,,Female,19,Not Hispanic/Latino,White,,High School,,Right,English,,c1ec3fe4-63ce-4954-8bdc-dc5e1d9ad226,c1ec3fe4-63c
10/14/2020 8:04,10/14/2020 8:10,100,328,TRUE,10/14/2020 8:10,Temple,86,Female,18,Hispanic/Latino,White,,High School,,Right,English,,c31e2c8f-c2a0-4c97-9b60-34c3dc50a005,c31e2c8f-c2a
10/21/2020 7:59,10/21/2020 8:02,100,173,TRUE,10/21/2020 8:02,UF,,Female,20,Hispanic/Latino,White,,High School,,Right,Spanish,14,c83f657b-3801-41a3-b556-e2e4bc1af604,c83f657b-380
9/24/2020 10:09,9/24/2020 10:14,100,279,TRUE,9/24/2020 10:14,Temple,45,Female,18,Not Hispanic/Latino,Black/African American,,High School,,Right,English,,cdf4f735-3aa0-47c9-9c98-b474b4ada4bd  ,cdf4f735-3aa
10/20/2020 12:59,10/20/2020 13:02,100,177,TRUE,10/20/2020 13:02,UF,,Female,18,Not Hispanic/Latino,White,,High School,,Left,English,,d0648ecc-f187-4547-9e20-b7b868de84ef,d0648ecc-f18
9/29/2020 13:08,9/29/2020 13:16,100,462,TRUE,9/29/2020 13:16,Temple,57,Male,18,Not Hispanic/Latino,Black/African American,,High School,,Left,English,,d1009dcc-6823-4bd6-8605-e20a896057c9  ,d1009dcc-682
9/17/2020 12:02,9/17/2020 12:06,100,201,TRUE,9/17/2020 12:06,UF,,Female,19,Not Hispanic/Latino,Asian,,High School,,Right,Hindi,4,d1c7c3b3-2c87-462b-b504-cda5db9c0ce0,d1c7c3b3-2c8
10/2/2020 10:35,10/2/2020 10:38,100,149,TRUE,10/2/2020 10:38,Temple,0,Male,20,Not Hispanic/Latino,Asian,,High School,,Left,English,,d2af8f06-6bfe-46f9-ab49-456fb4c801fa,d2af8f06-6bf
10/5/2020 13:05,10/5/2020 13:08,100,152,TRUE,10/5/2020 13:08,UF,,Female,18,Not Hispanic/Latino,Unknown/Do Not Wish To Say,,High School,,Right,English,,d2bcc8aa-38cf-4417-8fa3-7e7e3cb7c28a,d2bcc8aa-38c
9/15/2020 6:13,9/15/2020 6:16,100,171,TRUE,9/15/2020 6:16,UF,,Female,18,Not Hispanic/Latino,White,,High School,,Right,English,,d46d4806-a974-4bb4-a388-9274750b4d07,d46d4806-a97
7/30/2020 8:02,7/30/2020 8:05,100,192,TRUE,7/30/2020 8:05,UF,,Male,19,Not Hispanic/Latino,White,,High School,,Right,english,,d6a6db2b-aeb3-44b6-b04a-4710eaa8ba36 ,d6a6db2b-aeb
10/20/2020 7:59,10/20/2020 8:02,100,180,TRUE,10/20/2020 8:02,UF,,Female,18,Not Hispanic/Latino,White,,High School,,Right,English,,d89053b1-22b0-4ae4-8768-4f233e773b1a  ,d89053b1-22b
12/4/2020 13:40,12/4/2020 13:44,100,236,TRUE,12/4/2020 13:44,Temple,144,Female,18,Not Hispanic/Latino,Black/African American,,High School,,Right,English,,d9c6574f-496e-495d-a6ea-3f33058c15cb,d9c6574f-496
11/16/2020 8:01,11/16/2020 8:04,100,181,TRUE,11/16/2020 8:04,UF,,Male,18,Hispanic/Latino,White,,High School,,Right,Spanish,11,dadb77ed-00b8-4632-af0f-f569dafb5a5a ,dadb77ed-00b
10/14/2020 10:07,10/14/2020 10:10,100,187,TRUE,10/14/2020 10:10,UF,,Male,18,Hispanic/Latino,White,,High School,,Right,English,,df273804-3584-46cc-a97c-ecf19582522f,df273804-358
11/19/2020 8:02,11/19/2020 8:06,100,210,TRUE,11/19/2020 8:06,UF,,Male,18,Hispanic/Latino,White,,High School,,Right,English,,e1a48277-e211-481a-81ae-95d581ec3851,e1a48277-e21
10/15/2020 8:07,10/15/2020 8:10,100,170,TRUE,10/15/2020 8:10,UF,,Female,18,Not Hispanic/Latino,White,,High School,,Right,English,,e1e09cc2-8bbf-402b-a73e-5daea63d971e,e1e09cc2-8bb
10/1/2020 13:02,10/1/2020 13:06,100,240,TRUE,10/1/2020 13:06,UF,,Female,18,Hispanic/Latino,White,,High School,,Right,Spanish,6,e27a456d-d599-49ac-8947-5ef73d6cf5b7,e27a456d-d59
11/3/2020 8:04,11/3/2020 8:15,100,659,TRUE,11/3/2020 8:15,UF,,Female,34,,Black/African American,,Master's,,Left,Twi,6,e3f74869-23ce-4d7a-83c3-7054eef1f32d,e3f74869-23c
9/17/2020 8:02,9/17/2020 8:06,100,218,TRUE,9/17/2020 8:06,UF,,Female,18,Not Hispanic/Latino,Black/African American,,High School,,Left,English,,e5a06387-25d0-4aa7-b8a1-cf4234791f33,e5a06387-25d
10/1/2020 12:03,10/1/2020 12:06,100,185,TRUE,10/1/2020 12:06,Temple,65,Female,18,Not Hispanic/Latino,White,,High School,,Right,Lithuanian,6,e79a8471-63d2-4295-8e8e-4d224f5f26e7,e79a8471-63d
9/25/2020 9:04,9/25/2020 9:06,100,133,TRUE,9/25/2020 9:06,UF,,Female,20,Not Hispanic/Latino,Asian,,High School,,Right,Chinese,14,e8e6dd98-81aa-4cb3-bf07-79b711ed2e03,e8e6dd98-81a
11/5/2020 8:08,11/5/2020 8:11,100,181,TRUE,11/5/2020 8:11,UF,,Female,18,Not Hispanic/Latino,White,,High School,,Right,English,,ebe52bec-935f-4ebf-ab1e-743e1c1814fe,ebe52bec-935
11/9/2020 8:05,11/9/2020 8:10,100,283,TRUE,11/9/2020 8:10,UF,,Female,20,Hispanic/Latino,Other:,Middle Eastern/White,High School,,Left,Spanish,4,edf159e2-07d8-43a4-857b-e869bc174485,edf159e2-07d
6/3/2020 10:59,6/3/2020 11:54,100,3340,TRUE,6/3/2020 11:54,Temple,1,Male,21,Not Hispanic/Latino,Asian,,College,,Right,english,,ee0f71d3-1a67-48c8-be1a-b505695ffa31,ee0f71d3-1a6
10/2/2020 10:03,10/2/2020 10:08,100,306,TRUE,10/2/2020 10:08,Temple,74,Male,18,Not Hispanic/Latino,Asian,,High School,,Right,English,,f19a4a56-3522-42dd-bb28-16d8d7763cc3,f19a4a56-352
10/13/2020 13:01,10/13/2020 13:04,100,167,TRUE,10/13/2020 13:04,UF,,Male,18,Not Hispanic/Latino,Asian,,High School,,Right,English,,f567cc0d-e387-4cc8-ab50-ca21c444c747,f567cc0d-e38
10/22/2020 8:00,10/22/2020 8:03,100,155,TRUE,10/22/2020 8:03,UF,,Female,20,Hispanic/Latino,White,,High School,,Right,Spanish,5,f5f5d367-0c58-4cd6-a2b1-b984b763fc05,f5f5d367-0c5
10/1/2020 10:04,10/1/2020 10:08,100,239,TRUE,10/1/2020 10:08,UF,,Female,18,Not Hispanic/Latino,Asian,,High School,,Right,English,,fce82786-face-4d67-b5cf-a523e8a4a7b3,fce82786-fac
12/10/2020 11:03,12/10/2020 11:09,100,377,TRUE,12/10/2020 11:09,Temple,146,Female,18,Not Hispanic/Latino,White,,High School,,Right,English,,fd030fc8-794d-48cb-9a90-9a051160ae5d  ,fd030fc8-794
6/24/2020 8:07,6/24/2020 8:10,100,167,TRUE,6/24/2020 8:10,Temple,4,Male,25,Not Hispanic/Latino,More Than One Race,,High School,,Right,English,,fd0502ab-0f88-4e90-8604-cd3202f970a3,fd0502ab-0f8
9/18/2020 10:15,9/18/2020 10:18,100,148,TRUE,9/18/2020 10:18,UF,,Female,21,Not Hispanic/Latino,White,,High School,,Left,English,,fdc34ac3-fe86-409b-87a2-c5f627fc0188,fdc34ac3-fe8
10/21/2020 8:04,10/21/2020 8:06,100,140,TRUE,10/21/2020 8:06,UF,,Female,18,Not Hispanic/Latino,White,,High School,,Left,English,,fe20bb37-07f7-4c4c-a13e-c4125a6b5795,fe20bb37-07f
10/28/2020 7:31,10/28/2020 7:34,100,196,TRUE,10/28/2020 7:34,UF,,Male,18,Not Hispanic/Latino,White,,High School,,Right,English,,febbf5fa-b4ee-4101-8cf5-162acec2ce05,febbf5fa-b4e
